variance,skewness,curtosis,entropy,class
1.0072335513789465,1.2531179600619233,-1.0651654383253788,0.23000924862991015,0.0
1.363790534623757,1.1488986014238753,-0.9507877382500194,-0.35504220211861665,0.0
1.101513034993608,-1.1092989595048535,0.4868221954760648,0.5489804684014272,0.0
0.9435833271710122,1.4321528999961841,-1.4600587939913534,-1.5839781878059644,0.0
-0.2628237345194464,-1.4889984836866657,1.3552661264181975,-0.08225910310542822,0.0
1.2953183237334036,1.463291228524496,-1.4434613990277365,-1.3350556852414261,0.0
0.9955064797673028,0.07170051820787512,0.09474318069522537,0.8128071986027312,0.0
0.8458320131450087,0.6455443860326524,-0.39147848879920427,0.13461297026806152,0.0
0.20254041381681856,1.359928696376153,-0.8895151418230702,0.06381500727887907,0.0
0.08260796105168638,1.2764821555616905,-0.8703920563215117,0.02282549956322729,0.0
1.1493085669897478,-1.1235724349309186,0.64111892652123,0.9849608256368309,0.0
0.34284093832848966,1.043383553947736,-0.09384389954947547,-1.305258756826083,0.0
-0.9980956942121207,1.7080510296812677,0.6908455090604456,-1.2046292848469942,0.0
0.9232924072113919,1.2656568843015121,-1.1255852041810748,0.15771855750541355,0.0
1.4141706514816736,-1.2662862909845043,1.000291801722029,1.3389448771536496,0.0
0.6408782911954599,0.08250489126098737,-0.022455420500432616,0.8254752157510723,0.0
-0.07985441425238367,0.037093087306610296,1.2805122467302872,0.8344142942756753,0.0
1.6324330566746996,1.746545527096805,-1.5721732129353105,-1.8761264085745792,0.0
1.8424402206674235,1.0909687714369753,-1.003597631316073,0.20690366139255809,0.0
-0.2628391648768302,-1.4889984836866657,1.3552661264181975,-0.08225910310542822,0.0
1.1285933122020746,1.565776035976068,-1.3984909869820477,-1.8276559698950752,0.0
-0.028822364795004024,1.2989686263646862,-0.6964146197858918,-0.46904282959549953,0.0
1.3205469580558211,1.5082641701304877,-1.679269051979202,-1.6726773615607284,0.0
0.051168607882312776,-1.339806183442626,1.6852131539656716,0.12120147076661023,0.0
-0.5372449254106001,1.1956060942163431,0.5649545962731701,-1.6681818868675045,0.0
2.1420206092727683,1.4939906947044224,-1.591296298436869,-1.3715381914056661,0.0
1.496761639378151,-1.259786948586984,0.9775277857047364,1.1161307083843728,0.0
-0.48554165540702776,-0.5951341015983987,1.46515006540657,0.5765527131865338,0.0
0.18433259210400335,0.20012000062832952,0.940724866437586,0.7695814803986553,0.0
1.2677365599099653,1.0338748697327147,-0.927433301068013,-0.06660562968645888,0.0
-0.762130811510597,1.408809602703483,0.4232863179177133,-2.3150691683642353,0.0
0.5510736112220834,0.788258242086238,-0.40918456350545007,0.08915104157556143,0.0
0.6471275859358753,0.7000260118536653,-0.2973259937328688,0.08840755922245132,0.0
1.0100495916014793,-0.38799316298109976,0.38956670917740094,0.9350264759674823,0.0
1.372277231184815,0.1093172909266412,-0.8349667864386933,0.6585317286178373,0.0
0.9528029657077979,1.4693517085736305,-1.375726970964755,-1.4937805224867928,0.0
1.2192080859380978,1.2648000578118068,-1.1357207675086591,0.14355781222175829,0.0
-0.39248961814634936,1.3841497183656255,-0.27961991902662303,-0.6441934397584151,0.0
-0.017801232033666545,0.6624092391348992,0.6177972905150412,0.5258777628786221,0.0
0.7119350869475903,0.8877128095132424,-0.4046875223008811,0.7665960241280271,0.0
0.4142063412282948,0.8267318412947092,0.014360619237044712,-0.7880486299415799,0.0
1.1185635799026425,0.7095346960686869,-0.9490820771075132,0.09436694490551993,0.0
0.24084627602195724,0.12877352170506973,0.79879417867559,0.5378017213309437,0.0
1.278152051143991,-1.578505504550263,0.9825791667806199,0.1547331012347854,0.0
1.6400325076861921,0.2745176177832225,-0.6551179394317542,1.069908007051481,0.0
0.8234579949385833,0.659378999110332,-0.3130639978900691,-0.3736580780918387,0.0
0.5934685181339137,0.7272772738677048,-0.5249956749640311,-0.22536504750638897,0.0
1.5105718092365998,0.590623897863254,-0.9569543593036951,0.1957226089504371,0.0
1.472034491670705,-0.39015612741242883,0.3926500197042388,1.1720359705949777,0.0
0.59906202268552,0.858309032171407,-0.3476364372016346,0.7099588064224999,0.0
1.8502711270396728,0.4889959169013873,-0.8785595491000504,0.7405165074782346,0.0
0.8205648029291317,-1.4167742800666348,1.3547085064293014,1.0579949991144377,0.0
0.7242407969611243,-0.46453493618096253,1.361465548647691,0.3470126226647029,0.0
-0.19824383127914158,0.597102342053708,0.43903088231007714,0.21584850334625488,0.0
1.2529619927150328,1.8027617041042947,-1.487316571095633,-2.0169846156289277,0.0
0.3021819466223304,-0.7914581282383457,0.3625713414796605,0.337324298357896,0.0
1.6940773344227475,0.09071788663791795,-0.5227323938326287,1.3896630531797651,0.0
0.5887236832384132,-0.014797160838220975,0.5424529896624168,0.6033872390476241,0.0
1.3867431912320731,-1.409856973527795,0.760548007672473,0.6719489915483824,0.0
0.5450557718424243,1.4343263135310464,-1.154253431845504,-1.1114922706899453,0.0
-0.0037248885103482433,1.0689002647752992,-0.23689966764200926,-1.0459044476016275,0.0
-0.3422823598670241,1.3197205459812054,-0.4510618246715561,-0.9147288014249916,0.0
1.135035486409787,-1.050052542472797,0.6360675454453466,0.765852541774917,0.0
1.206169433948836,-0.45502207232452785,0.21417882208163172,1.540953066894031,0.0
1.430218223160765,1.5350765697961415,-1.4395252579296456,-1.7360174473024343,0.0
1.2170092600109146,-1.278825215224093,1.0506088054259584,1.1146322168199647,0.0
1.310170042715255,1.7214676786176275,-1.6458118526454286,-2.063898928453085,0.0
0.49996055238843917,0.1811026321982866,0.044436017344041304,0.7293354550361136,0.0
1.0735455122355764,1.1108429663567234,-0.9800135859033446,-0.5912851606766264,0.0
-0.3708613105363867,0.725981585029614,0.44044133287022647,0.0720106034503718,0.0
-0.29402777473871805,1.0394964874334638,0.17990159335242306,-0.015927797664000227,0.0
0.04673238013448702,0.270609653061884,0.9702131234974507,0.9737797731947099,0.0
0.6915670152010513,1.3409113279461102,-1.2486880170238694,-0.1016242248608542,0.0
1.3338170654058392,-0.07922633322264097,0.1697857107303293,0.9663276593763273,0.0
1.546100207112665,1.2388444846358582,-1.1078725692396656,-0.250666501228508,0.0
0.33014946938036216,1.0671657135888228,-0.2225655538097947,-1.2203058119823391,0.0
0.8619567366110188,0.8276095659914805,-0.3524122884006516,0.9886840008314753,0.0
1.1646231966931118,0.0012108657743206107,0.1203182574800713,0.9007455997171033,0.0
-0.8262400888506979,-0.1601023945679882,2.326869755306131,1.0766512190913167,0.0
-0.05189460667304376,0.8660831651999518,0.13184131054473255,0.38875137616255856,0.0
1.1993800766999896,-1.142171839219642,0.5348759180485918,0.8761530477735309,0.0
1.077094494433837,-0.38756057009483397,0.5458315107716116,1.0780920763647859,0.0
0.18132367241417371,1.0382007985953727,-1.0587036066893463,-0.10836743690069008,0.0
1.1775846968954546,0.19105017876169367,0.09361810036468773,0.7151747097524583,0.0
1.271401269788604,1.1571324950078716,-1.0569979455468401,-0.3386164292010678,0.0
0.8722950760581256,-0.1851802430471656,0.5497676518697026,0.8411229257409479,0.0
0.7498166143246762,-0.3330768544531144,0.0674821234733638,1.0028447461151304,0.0
1.083768124002305,1.7257936074802855,-1.4600587939913534,-2.4104539198678965,0.0
0.9089807507379712,-1.6416389880965923,1.0671733992137578,-0.17095827686019205,0.0
1.3691140079211481,-1.0639080537575425,0.7220394272628166,1.4194599815951083,0.0
1.5825158505382952,-0.6621630109418267,0.061860001938257254,1.132498847010983,0.0
0.898488107717027,-1.5222893275427736,1.16190319497448,0.35074156128844114,0.0
1.2313980682712538,-0.5103751533801922,0.17090751094328527,1.0483066748076308,0.0
0.9772215062675691,-0.2989082859002352,0.5107014514711499,1.7294748325547409,0.0
0.502660864930594,1.6708731193108874,-1.3018259218480972,-2.2599131519358346,0.0
-1.106725410193662,1.090091046740204,-0.690247998732216,-0.5719200389212004,0.0
0.8083362447025164,1.4360399665104566,-1.5395688441727904,-1.8194719005817703,0.0
0.7351577748101216,1.7054596520050862,-1.2411109454100444,-1.888056706798904,0.0
1.150195812539313,-1.4915898613628473,1.0792770330903874,0.4245192171191579,0.0
0.1957510565679722,0.6321277370962926,-0.11323661071625321,0.472218508985901,0.0
0.8581377231585428,1.4581084731721328,-1.1964029427708944,-1.0078658155820408,0.0
1.2376087871182098,0.8665220275483375,-0.5643242847691231,0.9260873974428795,0.0
0.2975528394072079,0.8877128095132424,-0.5623562142200775,-0.4206300252069346,0.0
0.5873349510738765,0.0509277003842898,-0.4139636948220488,0.41706710330077523,0.0
1.1134329860725485,0.9919321681512905,-0.7427954823917302,0.568357117015041,0.0
0.42334882797816187,0.8621960986856793,-0.20036243789898,0.7703249627517653,0.0
0.7276740514790069,-0.4100491307185364,0.606808896616204,1.563257537487334,0.0
-0.031190924653408385,-1.3514673829854436,1.3785877624243865,0.31720416739117213,0.0
0.9465150950739232,1.6756170123148648,-1.2619068908782913,-1.8805642489768641,0.0
1.1807093442656622,1.6159526311414887,-1.512868687057407,-2.2547260657513455,0.0
-0.951958925634733,1.3482674968333357,0.4272224590158043,-2.465609936296297,0.0
-0.9713626000447882,-0.1561944298466497,2.1998308013652457,1.0013577814089103,0.0
0.7651312440280398,0.9469592265452991,-0.5429707193119797,0.6726924739014926,0.0
1.0690321327008319,-1.1607712435083652,0.5955908944866447,0.39694697233405135,0.0
1.4112388835787628,-0.28421684633285044,-0.12616486615293293,1.587867379718188,0.0
0.9473251888365694,-0.32572068556588907,0.4272224590158043,1.2592366527853336,0.0
0.871484982295479,-1.465216324045579,1.0655005392470691,0.315711439255858,0.0
1.5891894801067636,1.2539956847586944,-1.0927184260120155,-0.3818421474051437,0.0
0.38704891223290955,0.7255427226812284,-0.01992644984490918,0.8157868914442654,0.0
-0.22245020442488636,0.5997146179369558,0.5225098747654228,0.2546018005734824,0.0
1.2151190412314061,1.786753677491753,-1.3296413189412732,-1.864945356132458,0.0
1.7079260801746556,1.4204708022463008,-1.7652737349724892,-1.7717507076844703,0.0
1.5513079527296778,1.1562547703111006,-1.0055657018651183,-0.10836743690069008,0.0
1.6322401772074027,1.644478683786553,-1.4948936427094583,-1.978945983609341,0.0
0.4168295019835309,-0.36075026024988677,1.3485090841998082,1.1988359158815047,0.0
0.2781877408906121,-0.6305941793479555,1.230195243026358,-0.08374606781164845,0.0
1.2201724832745817,0.13872106826847677,-0.6115579779462146,0.8359070224109892,0.0
1.1235784460523586,-1.2364436512942831,0.9898938289879055,0.9700565980000655,0.0
1.0946079500643837,1.5640414847895914,-1.4091841702985277,-1.9461520720651821,0.0
-0.1894292396236792,-1.2399127536672359,0.8690542972765134,-0.08001136575881626,0.0
1.0985812670906971,-0.39404737356811453,0.21755734319082645,1.4678727859836733,0.0
0.28509282581983647,-0.5947015087121329,1.5556485094868442,1.2323790732078674,0.0
1.0095866808799672,-0.352533085231543,0.08153414719354853,0.8530474605361789,0.0
0.666801291600146,0.9889019281267232,-0.12082483472985622,-0.9706340636355965,0.0
1.363327623902245,1.1614375256634637,-0.937011244406701,-0.4273156029558316,0.0
-1.068728155136198,1.9333546000596107,0.7332902305681931,-1.428192699398475,0.0
1.565619609203098,-0.5134012137633462,-0.07782380528024531,1.1847155146015065,0.0
0.9445477245074958,1.7642672066887573,-1.5232666597915305,-2.447743306105279,0.0
0.3569211394411539,1.1484806372825556,-0.15202170503805057,-0.8140993294459029,0.0
0.5691657052545207,-0.7659476868729025,1.6073759637509228,0.39843970046936544,0.0
0.54470858880129,-1.514076332165843,1.8063478962594204,0.6115828352191169,0.0
1.133106691736819,-1.34628462763308,0.8013198692135316,0.49904784776080685,0.0
0.48329576641399813,-1.4954769278771198,1.0548073559305888,0.13461297026806152,0.0
0.13348956452457458,0.327264692417759,0.5556718635168391,0.6726924739014926,0.0
1.5563999706663127,0.25633617763581884,-0.6135260484952599,0.9849608256368309,0.0
0.9795746357685897,1.2427524493571969,-1.2200197893594402,-0.20450143418655498,0.0
-0.32291726135042836,1.0866428425743173,-0.05618158947590857,-1.6957310779362356,0.0
0.5362990440271508,1.3979843314433047,-1.2453094959146747,-1.4446184723160236,0.0
1.4946399652378868,-0.22367474046270297,-0.1444334187022135,1.4328887713838412,0.0
1.2275404789253184,-1.2407695801569412,0.7032115523436147,0.613075563354431,0.0
0.04090742022212458,1.2496697558960363,-0.4600559070806938,-0.5562435117858554,0.0
0.004993263411465867,0.8842437071402894,-0.8023952188519907,-1.0757013760169705,0.0
-0.3445467648130882,0.753650811184973,-0.6525922488938126,-0.9385893978736417,0.0
-0.1697169580659492,-0.5631243178354353,0.26308537522541176,0.16366641633029438,0.0
1.1744986254187064,-1.0716821867860873,0.6037255860893661,1.0825875510580099,0.0
0.3353572149973749,-0.0416095605038749,0.6734280847013933,0.7047429030925413,0.0
0.992343256503636,-1.3514673829854436,0.9837272079342296,0.41558013859455506,0.0
1.0213523283850703,0.630414084116882,-0.7071078031023722,0.35074156128844114,0.0
0.5330972448700244,1.4896647658417643,-1.1402145285956462,-1.1390414617586764,0.0
0.24381661981832753,0.07211848234919471,-0.06939062297758544,0.40290635801711994,0.0
-0.6582112121204429,1.2427524493571969,0.45982682777832434,-2.007302054751215,0.0
0.7451103553226349,0.9906364793131996,-0.46483503839729257,-0.021892946776162686,0.0
-1.0671851193978241,1.9385373554119743,0.8707271572432019,-2.3351835359018653,0.0
-0.8734569824449473,1.7158460609168789,0.4890526754316497,-2.0043050716223987,0.0
0.8671644822280316,-1.4902941725247565,1.1028938796789332,0.4006759109577897,0.0
0.31664790666958814,0.7726890778220821,-0.15623764016586414,0.5161888622289058,0.0
1.370965650807197,-1.3160240238015393,0.7965308975441876,0.6473564396048102,0.0
0.6657983183702028,-1.609643833078575,2.040482689244197,0.15398961888167528,0.0
1.1402046561333403,1.5670717248141588,-1.4934831921493092,-2.1667761377787853,0.0
0.172528368705441,-0.5756736911785569,1.226259101928267,0.8284549085926066,0.0
1.4723045229249205,0.08336171775069265,0.08069115697504069,0.9529161598748759,0.0
1.2092940813190438,0.9586413242951825,-0.7725789500339517,-0.008475683845617539,0.0
0.3491673848558237,0.7130037984416396,-0.0665828423276139,-0.6717426308271462,0.0
1.1614985493229038,-1.0159048721269837,0.6641453519450621,1.1451783910175117,0.0
1.880823234659481,0.6697654080221246,-1.0682487488522168,0.31422447454963776,0.0
-1.1959514517651484,1.7046028255153807,0.6298681232158534,-1.4833487158268759,0.0
1.154207705459086,-1.3090858190556338,1.0224981977504255,0.6421405362748517,0.0
1.220982577037228,1.586527955592587,-1.4088889597161711,-1.993873264962482,0.0
-0.06852467434337134,1.0178668431201732,0.06888601379834959,-0.045742016366624894,0.0
1.4647822237003463,-0.09134729332091011,-0.23071664600042474,1.3829198411399293,0.0
1.6571216284886865,0.5430595785810807,-1.0924232154296587,0.18380383758429994,0.0
0.5979047458817395,1.3789669630132622,-1.3223266567339875,-0.293892219432584,0.0
0.4225387342155154,1.031283492056533,-0.3009800447189299,-0.5763578793234855,0.0
0.4480759756856078,-0.7123249773623014,1.6489678546874174,0.07052363874415164,0.0
1.2650362473678107,1.3608064210729245,-1.6553897959841168,-2.0058035631868067,0.0
0.9663431043120312,1.5713976536768168,-1.5468835063800763,-2.3814062372347573,0.0
0.6185428488824939,1.1156077575677674,-1.3664442382084236,-0.2655937825816489,0.0
-0.12717932034831936,-0.07187016433541565,1.4657076853954663,0.8046058390021446,0.0
1.2288906351963957,-0.4022645485864583,0.12875143978273118,0.9216149764660311,0.0
1.9601738475053727,0.06217093578578765,-0.5795112291725907,1.3262653331471206,0.0
0.12068236789606895,0.1309469352399318,-0.06686165232206201,0.4185598314360893,0.0
0.12183964469984962,-0.34214667631975026,1.7110932816856195,0.24938589724352392,0.0
-0.45438776384925333,1.0360482832675768,0.2512769519311389,-1.6010955722147786,0.0
-1.2485689704437075,2.0626518071768363,0.8212629841105258,-1.5444410642219697,0.0
0.5435513119975094,0.7934409974386012,-0.392603569129742,0.6190349490374997,0.0
0.03400233529290018,-0.42431842650318824,1.8201243901027386,0.15175340839325108,0.0
1.4025593075504081,1.6431829949484622,-1.6483375431833707,-1.9364695111874692,0.0
-0.5288508109938446,0.3021868439385816,0.8771889888792347,0.27323496683398607,0.0
0.1333352609507372,0.11364321978929934,1.2813650773015401,0.9409916250796448,0.0
0.8144698117625538,-1.213518318142902,0.487379815464961,0.271742238698672,0.0
1.7296828840857315,-0.2344791135158152,-0.13066190735750186,1.599048432160309,0.0
-0.9063236436723171,-0.233601388819044,2.178182025325745,1.0818383052758058,0.0
0.48182988246254266,-0.5648626306991836,1.4089616512313217,0.32763597405108913,0.0
-0.20890620823130712,-0.6902710994455714,2.277963202162351,0.6980342716272687,0.0
0.6631365817215074,0.04185787851765394,0.023354701646182547,0.7815060151938864,0.0
0.3996632293941184,-0.13370795904365398,0.5694483573601573,0.43942690281337965,0.0
1.1109641288911498,-1.0076918767500531,0.7183984967470822,1.1243147776976776,0.0
1.1529732768683865,-0.36896534544752396,0.2392061192303267,1.4611872082347763,0.0
0.534138793993427,1.429122659971617,-1.1868578006080241,-1.2463565114866622,0.0
0.8717550135496945,0.8907430495378097,-0.48730712394981024,0.6227638876612379,0.0
-0.9272317779272871,-0.2305920470015427,2.3282802058662804,0.9394988969443309,0.0
0.24304510194914045,0.18369400987446827,0.3136975895116979,0.27770162438174056,0.0
0.680418581991298,0.8751738852736536,-0.4943593767505564,0.53109424255149,0.0
0.5470617183023107,1.4027491226543485,-1.2096218166253168,-0.3505467274253927,0.0
1.2355256888714046,-1.144345252754504,0.5154904231404939,0.8761530477735309,0.0
0.2455911109174578,-0.45718503675585687,1.4120449617581596,1.1936488296970156,0.0
0.4047166714372937,-0.7655150939866368,1.5652264528255324,0.31869113209739236,0.0
-0.24331976278639694,-0.40960608872873755,0.10403247368672001,0.23150197676522422,0.0
0.0011356740655304467,1.209022743152703,-0.6927736892701577,-0.712029000193345,0.0
1.3727401419063272,-1.4889984836866657,0.8977225249409424,0.4901047924701292,0.0
-0.16817006473822912,1.5549716629229555,-0.6992355209061903,-2.043784560915455,0.0
-0.16863683304908728,1.363397798749106,-0.442631922486478,-0.5912851606766264,0.0
1.6495993292641125,0.12271304165593519,-0.5944029629937014,1.1601056723706527,0.0
1.157139473361997,1.6691385681244109,-1.5019130943343872,-2.4313175331877304,0.0
1.2081753804087225,-1.3268283968546517,1.1113237818640114,1.4268948051262091,0.0
0.8034756821266379,-1.167688550047205,0.5848977111701642,0.6160552561959652,0.0
0.4601502303383856,0.694843256501302,0.029537723287767055,0.9775087118184482,0.0
1.054450444973196,-0.3918864989574921,0.17006452072477743,1.068409515487073,0.0
0.7801372665837285,-0.07836950673293579,0.5489148212984496,0.6898329120266821,0.0
1.065676029969868,0.9482549153833899,-0.6958569997969956,-0.05841003351496608,0.0
0.8275084637518153,0.04618380738031208,0.05146202920413364,0.9476944931158235,0.0
0.3089327279777173,1.0317223544049188,-0.4653959385037706,-0.9340939231804177,0.0
1.5343345596075622,0.9478160530350042,-1.2217254505019464,-0.18139008352010902,0.0
0.56800842845074,0.8245793259669132,-0.4044087123064331,-0.03605369205981802,0.0
0.2250687355970814,0.42542357100667255,0.3069405472933084,0.5348208758035907,0.0
-0.39604288226878387,1.4792992551370379,-0.09384389954947547,-0.44224288430897246,0.0
1.095186588466274,1.4888079393520592,-1.5058492354324782,-2.0818231929350417,0.0
1.5135807289264294,-0.05414848474346362,-0.20204841833599563,1.4238978219973932,0.0
1.0921390928829848,1.5363722586342323,-1.5449154358310309,-2.345615342561782,0.0
1.6899882897160559,1.5307506409334835,-1.393439605906164,-1.4513040500649208,0.0
1.3102857703956328,-0.5726465858850496,0.5253307758857212,1.1399913048330226,0.0
0.6496350190107333,0.862634961034065,-0.27653004826462163,0.7464758931613032,0.0
1.6452788291966645,-0.5289703780275022,-0.1045239623956289,1.1466768825819198,0.0
0.9337850502323362,0.7510594335087915,-0.7843873733282246,0.27919435251705466,0.0
1.1732641968280069,-0.5925385442808039,0.004523546609399094,0.7829929799001066,0.0
-0.04432215878697253,1.0671657135888228,-1.0454847328349242,-0.6277676668408665,0.0
0.35333358134943404,1.0628606829332308,-0.1995194476804722,-1.2858360007797183,0.0
-0.3089103544353368,-0.6543784288097487,2.3901104222821257,1.0117895880688275,0.0
1.1794363397815035,-1.1715756165614775,0.5770254289739823,0.7762843484348338,0.0
0.7199974486805952,-1.406387871154842,1.0449998043611788,0.3000637292659825,0.0
-0.044167855213135127,1.6462132349730294,-0.6092946968148122,-1.8365892849905843,0.0
-0.21961487625562384,0.0582838692715152,1.2734927951053583,0.9000021173639932,0.0
0.8608766115941567,0.7432853004802463,-0.10424187228359905,-0.3461088870231077,0.0
0.6007207861042723,0.17633784098724284,0.0570808706216585,0.2531090724381683,0.0
1.2052436125058115,0.7207988296772506,-0.9412097949113314,0.37459063087890326,0.0
0.35622677335888553,-0.5579435024218374,1.4353665977643484,0.29186236966539586,0.0
0.5771894910940663,-0.315773139002482,1.1430753200552783,0.5601615208435482,0.0
0.43816197106655375,0.7125649360932541,-0.33386322347589803,-0.7977311908192929,0.0
-0.36977964248378636,0.9158208980169871,-0.818106982068537,-1.32831247320159,0.0
0.10031429614952997,1.121229375268516,-0.20879562020163986,-0.773870594370643,0.0
0.051091456095394075,-0.3836693239391483,1.6450317135893262,0.15920552221163378,0.0
0.49463707909104837,1.3309637813827033,-1.207653746076271,-0.261098307888425,0.0
0.7566059715735226,0.8708479564109955,-0.23296680666150005,0.8985093892286791,0.0
0.26013422275163434,1.270421675512556,-0.5589776931108829,-0.3110672381323367,0.0
-1.129600915015059,1.8849334542877323,0.6905830996539063,-1.400643508329744,0.0
0.525536369751991,1.6306440707088734,-1.131227006421672,-1.3574177901256679,0.0
0.006883482190974184,1.4831863216513101,-0.5932877230159089,-0.5413162304327146,0.0
-0.28393632100975097,1.3685805541014695,-1.2222830704908427,-2.3046373617043185,0.0
1.3908322359387644,1.569245138349021,-1.5280556314608744,-2.062400436888677,0.0
1.2487957962214222,1.050300860486576,-1.0527993950422099,-0.1329196448406052,0.0
1.1614985493229038,-1.1222767460928278,0.6742809152726462,0.6987777539803788,0.0
1.5504207071801126,-1.5966660464906006,1.0045231534024768,0.35074156128844114,0.0
0.22360285164562593,-0.07836950673293579,0.9185184704091897,0.5936989147408173,0.0
0.4308325513092766,0.5274904143169248,-0.7338079602177559,-0.19032339861561798,0.0
0.06578887150340802,1.1943104053782525,-0.8189598126397901,-0.03306823578918979,0.0
1.8226122114293155,0.5456509562572623,-0.8855790007249793,0.53109424255149,0.0
0.6408397153020007,0.6243536040677475,0.09502527080725524,-0.37066109496302285,0.0
0.21962953461931248,-1.5417455583212023,2.4530558786757632,-0.40495349807158965,0.0
0.7481192750124646,-0.08787819094795725,0.2971001945480811,0.4662562415882855,0.0
1.051055766348773,1.4464263754222495,-1.4246335241085348,-1.442370734969412,0.0
-1.0588913023040627,-0.1363202349269016,2.4016236349940416,1.0266938157055927,0.0
1.1084566958162918,1.537667947472323,-1.4333586368759699,-1.864945356132458,0.0
0.9702392695514258,-0.28983846403359936,0.48793743545385726,1.524527293976482,0.0
1.328686471575745,-0.03598794280312598,0.1939404966022808,1.0460704643192065,0.0
0.9661888007381938,0.8678177163864282,-0.3653425119078804,0.21733546805247508,0.0
0.2654962719424846,0.05007087389458462,0.8083393208384605,0.5512166788898515,0.0
0.019343495778345578,-0.04505776466976174,0.6818579868864714,0.3894948585156687,0.0
0.3979273141884474,-0.29805145941052996,1.238920355793793,1.008809895227293,0.0
0.9832393456472284,-0.28463481047417005,0.27912515020013234,1.44182208647935,0.0
0.7677929806767352,0.6567876214341503,-0.8760010573862913,0.1040552692123268,0.0
1.1259701514468385,-0.2630260643679455,0.44857602447294775,1.0050809566035548,0.0
0.9474794924104067,-1.4090001470380897,1.2622419917999816,1.3762342633910323,0.0
1.1400889284529625,0.26153983119524815,0.08715298861107335,0.6816373158551893,0.0
0.0032959240992542133,-0.07101333784571039,1.473875178174005,0.9655841770232171,0.0
-0.0179053869460068,0.6157017463424312,0.5818144006433263,0.41558013859455506,0.0
0.3124431342825186,0.8539831033087487,-0.1410607657233725,0.7151747097524583,0.0
1.5359933230263143,1.085765117877546,-0.9156576789495577,0.07275408580348192,0.0
1.1658962011772702,-0.5095099676076607,0.1478614048139627,1.1690389874661615,0.0
-0.13516067270505974,1.6129223911169215,-0.6045057251454682,-1.768811358846593,0.0
0.9982067923094575,0.9322468887708483,-0.5719013563829481,0.6100901070838027,0.0
1.190700500671635,-0.45977850425274513,0.4024903724494663,1.0155185266925657,0.0
0.8947076701580102,-0.3672370637231673,0.374117355367394,0.7144312273993482,0.0
0.8094163697193782,0.09245243782439443,0.12088243770413103,0.7375310512076063,0.0
-2.0431552239194843,1.2232962185787684,0.8853564816577735,-0.040526113036666395,0.0
-0.04699932579305173,0.5590467069865563,0.5264460158635137,0.3760775955851235,0.0
0.977993024136756,1.4005966073265526,-1.467898275011718,-1.7926143210043044,0.0
-0.4733902489673311,1.1207905129201305,0.47389853220399947,-1.7516363401468404,0.0
0.6596647513101656,1.3400545014564051,-1.230417762093564,-0.07033456831019715,0.0
0.8465649551207364,1.2578827512729671,-1.0966545671101064,0.03698624484688255,0.0
0.6485163181004121,1.702429411980519,-1.2267768315778296,-1.984190704084769,0.0
0.6579288361044945,-1.4357916484966775,1.2304904536087147,0.5854975551402305,0.0
0.9158858356671957,0.12488645519079718,0.15404442645554725,0.6324522119680448,0.0
0.2833954865076249,0.4457575264818724,0.5404849191133715,0.8485750395593306,0.0
0.6922228053898605,-0.4372920334497494,0.2959849545702886,1.1869056176571797,0.0
1.8407428813552122,0.6079276133138863,-0.9344855538687594,0.45507749451780205,0.0
1.1145902628763291,-0.19556665195895825,0.38084159640996595,1.0453269819660964,0.0
0.9676161087961896,0.7653329089348565,-0.7279037485706195,0.4759445658950924,0.0
0.8559388972313595,1.0593915805602778,-0.2683789560739916,-0.9765703956022898,0.0
0.9597466265304816,0.10325681087750667,-0.06995480320164514,0.392474551357203,0.0
0.4568327035008812,-0.2699433709067853,0.23556518871459253,0.9819811327952965,0.0
0.479129569920388,1.524272196743029,-1.1857425606302316,-1.2381724421733573,0.0
1.2121872733284953,-1.3804531961859594,0.7948580375774991,0.47743556500167833,0.0
-0.10318511461660106,1.7763881667870263,-0.5977814841028961,-1.8597006356570303,0.0
0.3471614383959374,1.2959383863401188,-0.9114263272691099,0.05189047248364793,0.0
-0.9705910821756012,-0.5432405097404369,2.1084795267137184,0.1957226089504371,0.0
-0.16286587938756789,1.6933595901138832,-0.5997495546519417,-2.006552808969011,0.0
0.8562860802724936,1.0801435001767972,-1.3037939923971427,-0.21268550349986,0.0
0.7104692029961349,1.324903301333569,-1.377990252096157,-1.4356851572205147,0.0
1.2601371088984723,-0.03642680515151158,0.014924799461104431,0.6957980611388446,0.0
0.19262640919776453,-0.5497271042316467,1.9002248614488897,0.3127317464143237,0.0
1.7005195086304599,1.562327831810181,-1.4839380499864385,-1.6443212904188547,0.0
-0.05729908934669927,0.005536794636978657,1.2630948223712348,0.8031131108668305,0.0
1.080566324845179,1.562327831810181,-1.4715720067032694,-2.1421662955479315,0.0
-0.17852383454271975,1.6103310134407398,-0.6506241783447672,-1.911859668956615,0.0
0.5251120349239381,1.0075013324154465,-0.13909344960137085,-0.5160147767105955,0.0
-1.3524152756362886,1.7716233755759825,0.49046312599179887,-1.5087078038399337,0.0
1.3985859905240947,-1.114063750715897,0.7858377142277072,1.1787215483438749,0.0
-1.2588301581038954,1.8520605745729442,0.7051796228926602,-1.3991450167653359,0.0
1.075358579228166,1.6202785600041467,-1.508932545959316,-2.3784092541059416,0.0
-0.5297804900262151,1.1744153122514382,-0.7745470205829972,-1.4334374198739028,0.0
0.4304853682681424,0.8794998141363118,0.002558756177935364,-0.7932357161260689,0.0
-0.05523913663596976,0.604897373289319,0.40557368297630414,0.3909818232218889,0.0
1.0695336193158036,1.5428716010317525,-1.4192869324502946,-1.6659341495208926,0.0
0.09684246573818814,0.3679117051610924,-0.5817417091281755,-0.5219511086772886,0.0
0.6439643626722082,0.09719633082837215,-0.03257458324010811,0.8247259699688684,0.0
-0.5434247835427887,0.6913741541283492,0.3119919283691918,-0.18213932930231294,0.0
1.3050780247786202,-0.48313016082827254,0.5253307758857212,1.1794707941260785,0.0
0.7556801501304979,0.6169974351805222,-0.053934708932414976,-0.17839310039129305,0.0
0.11354582760608845,-0.5903776696701813,1.9848190938820276,0.053377437189868156,0.0
0.46358348485626816,-1.7782923641010433,2.403886916125444,-0.004003262868769156,0.0
0.36806957265090723,0.8920387383759004,0.04499691745051926,0.8701878986613685,0.0
0.8007753695844828,-1.0980557241033557,0.587423401708106,0.6659896058653139,0.0
-0.1623026713430613,0.9940846834790865,0.2608548952698269,-1.218058074635727,0.0
-0.33280426284406084,1.1026299709797929,0.20801220102795592,-1.437875260276188,0.0
-0.4137577040631885,0.7372248204311118,0.2161468926306772,-0.16421506482035617,0.0
1.2392289746435026,-0.321394756703231,0.09249302003415005,1.0415980433423582,0.0
-0.14180729914810644,0.9262073069287797,-0.029763522472554815,0.24938589724352392,0.0
0.3589270859010404,-0.4610762829115426,1.3799982129845358,1.1146322168199647,0.0
1.1550177992217323,-0.46194146868407426,0.3024467862063213,1.4202092273773124,0.0
1.067064762134405,1.485777699327492,-1.4260439746686842,-1.5481872931329899,0.0
0.9514142335432609,-0.5899450767839156,0.6855317185780229,1.8993807222422285,0.0
0.3746660504324568,1.3776712741751713,-1.299267430134338,-0.5912851606766264,0.0
1.0769401908599996,-1.36661858310828,1.1821415204538308,1.0371313857946036,0.0
1.2875645691480733,1.7634103801990522,-1.4844956699753349,-1.9640763365471388,0.0
0.05448613471981721,-0.26820881972030886,1.5851695677225266,0.23671211666608885,0.0
-0.8749614422898621,-0.22582725579049903,2.15430276933066,0.732315147877648,0.0
-1.3480561996753815,1.9835102970179657,0.7807863331518238,-1.6689311326497085,0.0
-0.833338053247219,-0.2872261881503517,2.3816805200970474,0.8485750395593306,0.0
1.4760078086970185,1.5346377074477557,-1.56262807077244,-2.006552808969011,0.0
-0.43687816580805244,1.282521737403759,0.16584956963223835,-1.948399809411794,0.0
0.3596600278767681,0.7787286596641504,-0.11407960093476104,0.822495522909538,0.0
-0.9770332563833133,1.7076121673328821,0.7684202898686548,-1.8738786712279674,0.0
0.9312390412640188,-0.5886472981251182,0.11919317714953366,0.6555520357763029,0.0
0.5939700047488853,-1.5927789799763283,1.9460481040658315,0.24789316910820983,0.0
0.21546333812570218,0.7683631489594238,-0.20429857899707096,-0.9013000116362587,0.0
0.11501171155754392,0.47083537496104966,0.5121119020312992,0.6145625280606513,0.0
1.6074744536064975,1.1623152503602352,-1.2107370566031093,-0.4168837962959146,0.0
0.47002565906398036,1.4550782331475656,-1.1652090245685238,-1.0779491133635826,0.0
1.7809116705997539,1.5497889075705922,-1.5525253086206734,-1.7106583592893765,0.0
0.07840318866461682,1.2808080844243486,-0.8552051119180442,0.060086068655140726,0.0
-0.18094254306262128,0.7026173895298471,0.40754175352534966,0.22180788902932347,0.0
1.1734185004018443,0.6291183952787912,-0.790291584975361,0.5027744810129077,0.0
1.434230116080538,-0.11772083063817834,-0.2371817577540391,1.3881645616153573,0.0
0.935598117224926,-0.41956199457497095,0.5458315107716116,1.578184818840475,0.0
-0.05493052948829491,1.5826408890783148,-0.6334691633922541,-1.8224688837105865,0.0
0.9059332551546826,1.4905424905385354,-1.3976381564107945,-1.6525053597321595,0.0
1.0259814356001926,0.06779255348653666,0.1349344614243157,0.6644968777299997,0.0
0.12511859564389471,0.7207988296772506,0.008177597595460186,0.7747973837286137,0.0
0.8402385085934023,-1.2714690463368674,0.7656321899241737,0.370861692255165,0.0
0.5563199327325556,0.061752971644468066,-0.07866679549875312,0.45507749451780205,0.0
1.1192965218783704,0.06346662462387852,0.1602274480971318,0.8366505047640994,0.0
1.1286704639889935,1.6548650926983457,-1.366181828801884,-1.9983111053647669,0.0
1.130599258661961,-1.245534371367985,0.8946064132382872,1.1138829710377607,0.0
1.0344681321612506,-1.385197089189937,1.2805122467302872,1.2666714763164344,0.0
1.8016655012808864,1.0710736783101613,-1.0249839979490338,-0.045742016366624894,0.0
-0.09231828542910098,1.3409113279461102,-0.54716926981661,-0.3766550612206547,0.0
0.9896815198549402,1.4849208728377865,-1.4496608212572297,-1.5087078038399337,0.0
0.22815480707382974,0.7220945185153415,0.029258913293318974,0.7636163312864928,0.0
0.639450983137464,1.5770192713775655,-1.273157694183668,-1.821719637928382,0.0
0.38195689429627483,-0.1683153899449188,0.7245979189765754,0.7606366384449584,0.0
-0.1421159062957813,0.09590064199028127,1.2639148517666705,0.8604995743545617,0.0
1.3016447702607377,-1.2001225674136078,0.853572142290689,1.2219472665479505,0.0
-0.09107999924905573,1.334432883755656,-0.9344855538687594,-0.3125657296967448,0.0
-0.017288172650657116,1.1960449565647289,-0.5907620324779673,-0.35723230517428983,0.0
0.804015744635069,1.266973471346669,-1.0958017365388535,-0.06959108595708703,0.0
1.5143522467956168,1.031283492056533,-0.9128367778292592,-0.004003262868769156,0.0
-1.1404407410771376,1.7871925398401385,0.4814756038178245,-1.495279014051201,0.0
1.8245410061022835,-0.650487182654063,-0.01964435973287934,1.2808495118873715,0.0
0.05271164362068694,0.19408041878626092,0.49157836596959137,0.23746136244829283,0.0
0.7574932171230877,1.3145377906288422,-1.0963593565277496,-0.11055753995636328,0.0
1.3733573562016772,0.9486937777317754,-1.2200197893594402,-0.3736580780918387,0.0
-0.3185427550321376,0.8020928551639175,0.5160480431293901,-0.015184315310890113,0.0
-0.05323319017608334,1.3841497183656255,-0.4015976515388797,-0.779057680555132,0.0
-0.23722862920916493,0.8812343653227881,0.20296081995207252,0.0980958835292582,0.0
1.0908660883988264,0.7346334427549303,-0.8147612621351596,0.4684918757338003,0.0
0.6983563724498977,0.9698845596966805,-0.4128386144915112,-0.5949737552967074,0.0
0.6060828352951225,1.4805949439751285,-1.1857425606302316,-1.2389216879555611,0.0
1.084269610617277,-0.5095099676076607,0.5160480431293901,1.672820324561932,0.0
0.9561976443322211,0.8401484902310693,-0.5393297887962456,0.2642901248802893,0.0
-1.0757489677458005,-0.37934548489719677,2.1944842097070056,0.5035196923947459,0.0
0.41879687254995807,-0.04031387166578402,0.491315956563052,0.4640206074427706,0.0
-0.02439385222587015,-0.6772974924990104,2.21416491519746,0.0980958835292582,0.0
0.7003623189097841,1.4066361891686212,-1.227892071555622,-0.11804999777840304,0.0
-0.3870825123119386,1.1904233388639798,0.02222962131564487,-1.7114076050715805,0.0
-0.016462648530626966,0.944785813010437,0.27545141850858085,-0.9281575912137247,0.0
1.439900772419063,-0.11728196828979273,-0.09946602108458202,1.4410728406971463,0.0
1.0210822971308546,0.9633852172991603,-0.8886623112518173,-0.17170752264239594,0.0
1.108148088668617,0.7800243485022414,-0.9420626254825845,-0.07927941026389392,0.0
0.9516842647974765,1.28339946210053,-1.1902363217172187,-0.04424928823131075,0.0
0.04665522834756832,1.0974472156274295,0.21417882208163172,-1.1517210057652052,0.0
0.6994364974667596,0.039684464982791955,-0.07979187582929077,0.8172738561504856,0.0
0.3554938313831578,0.7047908030647091,-0.05899265024346186,-0.6956032272757962,0.0
0.7918257623019129,-1.254165330886235,1.5385262957101487,0.964091448887903,0.0
-1.1000517806251937,1.7054596520050862,0.7639265287816677,-1.2933284586017582,0.0
0.6935343857674783,1.804496255290771,-1.239700494849895,-2.0594610880508,0.0
0.6014923039734593,-1.4790509371232587,1.8190091501249464,0.5325846653151666,0.0
0.9123368534689351,-1.4137440400420676,1.2880893183441122,1.1042004101600478,0.0
-0.04865037403311207,0.819375672407484,0.038813895808934754,0.23298894147144444,0.0
1.1008958206982584,0.2165668895892567,0.08659208850459539,0.6905821578088861,0.0
0.11161703293312078,-0.019561952049264718,0.515195212558137,0.3783138060735477,0.0
1.5117290860403805,-0.4999971037512259,-0.07613782484322967,0.6816373158551893,0.0
0.7017510510743208,0.7687811131007434,-0.38557755726964965,0.1495171979048269,0.0
0.5996406610874103,1.2462006535230834,-1.126438034752328,-0.26634302836385293,0.0
0.4175624439592587,1.1778844146243912,-0.1368449289990864,-1.398395770983132,0.0
1.3852001554936988,0.6178751598772934,-0.8408709980858297,0.5989148180707757,0.0
1.562764993087106,-0.632755053958578,0.002276666065905504,1.063210902444396,0.0
-0.5036684677435782,1.3331162967104992,-0.31728222910018994,-0.710530508628937,0.0
0.9900287028960746,-0.056301000071259676,0.47586660275304504,0.9096904416708,0.0
1.131332200637689,-0.0351311163134207,0.3547318604592961,1.008066412874183,0.0
0.6381394027598458,1.6894516253925445,-1.2593812003403497,-1.914856652085431,0.0
1.9005740921106706,0.7307254780335918,-0.9940524891532024,0.27695814202863045,0.0
0.38758897474134046,-0.17176359411080566,0.8847988616688772,0.7345513583660721,0.0
1.8777371631827326,0.6836000210998042,-1.080614792135386,0.13684918075648572,0.0
0.2898762366087964,0.35493391857311807,0.5570823140769883,0.9223584588191412,0.0
1.2460183318923488,-1.0773038044868364,0.38310487754136835,0.9000021173639932,0.0
0.9475566441973257,0.8777652629498354,-0.4909808556413617,0.06605121776730326,0.0
0.8405856916345364,0.6442486971945616,-0.2051415692155788,0.31422447454963776,0.0
-0.07599296731710233,1.355623665720561,-0.8493009002709078,-1.9222914756165321,0.0
-0.18593812126560763,-0.3564264212079352,1.1756796888177983,-0.11655150621399511,0.0
0.4325684665149474,-0.9843276812502861,0.6945192407519972,0.4520960726475396,0.0
-0.2621023653117565,0.39775434485131356,0.5303821569616046,0.3783138060735477,0.0
0.10185733188790413,1.2846951509386209,-0.6469504466532157,-0.5473101966903464,0.0
0.4623490562655688,1.000145163528221,-0.5800688491614869,-1.4155131553919458,0.0
0.5872192233934983,1.0152754654439915,-0.28187007968769834,-1.0384119897795876,0.0
1.0083136763958083,-0.25263965545615286,0.29851064510823033,1.599048432160309,0.0
1.8177516488534369,0.6606746879484228,-0.9347479632752987,0.3462691403115928,0.0
0.905663223900467,1.6064230487194013,-1.367854688768573,-1.6443212904188547,0.0
0.5833230581541036,-0.09046956862413891,0.7490347949605568,0.9454640460564933,0.0
-0.3723545833721983,0.8492183120977049,0.20689696105016347,-0.05021443734347328,0.0
1.4725359782856766,1.0637175094229359,-0.947671626547364,-0.2164317324108799,0.0
0.6771396310472528,-0.41956199457497095,1.2167139597653964,0.3239127988564447,0.0
-0.4309066175005444,-0.7183791879493161,2.4002131844338925,0.8575198815130273,0.0
-0.11111246072249832,-0.5691870966873471,1.7155870427726068,-0.29095287059470676,0.0
1.2486800685410442,-0.24831372659349477,-0.3029481152679754,1.0371313857946036,0.0
1.14440942852041,-0.4878886825771965,0.5958533038931841,1.7339703072479646,0.0
1.0246312793291152,0.34109930549543843,0.039095985920964596,0.6823807982082994,0.0
0.6992436179994628,1.7097855808677442,-1.1764598278739005,-1.8052938650108334,0.0
1.2480242783522353,-0.30756014362555145,0.0742260452214263,1.0334024471708652,0.0
1.1932465096399523,-1.5624974779377214,0.9542061496985476,0.2039239685510238,0.0
0.16978948026982688,1.279073533237872,-0.876591478551005,0.11151314645980334,0.0
0.9467079745412198,-1.3765661296716867,1.1593775044365384,0.6957980611388446,0.0
0.32509602733718673,0.7264204473779997,0.18944673551529362,-0.688168403744695,0.0
0.9714351222486657,-0.4083187591734731,0.4955145070676823,1.604293152635737,0.0
1.1423649061670642,-0.34128984983004507,0.10486234343490086,1.0647209208669919,0.0
0.9734410687085523,1.3984231937916904,-1.3355455305884096,-0.23055213369087801,0.0
1.0333880071443888,1.5082641701304877,-1.4822323888439326,-2.0289149138532525,0.0
0.7933687980402869,-1.4799077636129638,1.109913331303862,0.01686035045106483,0.0
0.6310028624698654,-1.564232029124198,1.9401438924186951,0.48935952345399997,0.0
0.4932869228199709,0.2221885072900056,0.06270299215676504,0.2583249757681268,0.0
0.2147689720434338,1.0987429044655204,-0.16298287396095934,-0.762689541928522,0.0
1.168827969080181,-0.45026564039631056,0.19282525662448835,1.1250640234798817,0.0
1.3015676184738187,-1.5776486780605579,0.9598151507633272,0.47072808622222445,0.0
0.3880518854628528,-0.6107011760418481,1.5517123683887535,1.1079466390710677,0.0
1.1704095807120147,1.7772449932767314,-1.5738788740778167,-2.2442942590914283,0.0
-0.5199436371940798,-0.6937297527149914,2.3701673073851315,0.9044745383408415,0.0
1.1993029249130711,1.7253547451319002,-1.4212550029993403,-1.921599864125267,0.0
0.38913201047971463,-0.38583228837047734,1.376619691875341,1.3061509656094905,0.0
0.21584909706029576,1.095712664440953,-0.04915557761581622,-0.7776168232816629,0.0
0.6291512195838164,1.0273964255422607,-0.2380247479725469,-0.47353830428872346,0.0
1.5472189080229861,1.1298812329938321,-1.1452659096715296,-0.5010874953574546,0.0
1.2857129262620242,0.13786424177877152,0.1298732399956871,0.8619923024898757,0.0
1.129364830071262,-0.3637763206330408,0.11329224561997897,0.8776400124797511,0.0
0.4787823868792538,-1.6325691662299564,1.2633572317777741,-0.23205062525528594,0.0
1.7333861698578292,1.6085964622542634,-1.5918539184257654,-1.829903707241687,0.0
0.7103920512092162,1.3586330075380622,-1.3403017010819362,-0.20669153724222816,0.0
0.060581125886395186,1.355623665720561,-0.8288001653850174,0.02282549956322729,0.0
0.6171541167179571,1.1156077575677674,-0.22172256359128692,-0.5271958291527163,0.0
-0.2646753774054954,1.5458809428492537,-0.5373617182472,-1.8917453014189851,0.0
1.1131629548183328,-1.5590492737718347,0.9693930941020151,0.17783868847213744,0.0
0.44927182838284774,-0.7270289558539257,1.5292435629538175,0.09585967304083401,0.0
0.05718644726197205,1.3089161729280931,-0.826832094835972,-0.16202496176468298,0.0
1.4260134507736957,1.175711001089529,-0.9842121364079751,-0.3714103407452267,0.0
1.1744986254187064,-0.4740498898581037,0.33334549382633516,0.8642285129782998,0.0
-0.26035101974870184,0.8708479564109955,0.0843452079611018,0.16665763603001646,0.0
1.2842856182040283,-1.66629887243445,1.128445995640707,0.08169892775717874,0.0
0.206398003162754,1.2284789739311315,-0.006999506455262157,-0.767876628113011,0.0
0.16087844888071604,1.1943104053782525,-0.8329987158896477,-0.6464411771050272,0.0
-0.49707970514072053,1.1532245302865334,-1.17226127736927,-0.9691355720711886,0.0
-0.028718209882663773,1.24793520470956,-0.680670055393528,-0.26409529101724094,0.0
1.3982388074829606,-1.186705918477248,0.7338478505570892,1.1861563718749757,0.0
-0.020945167350603908,-0.041170698155489294,1.3178727859863335,0.612326317572227,0.0
-1.4666384961694363,-0.18733275837496166,2.0781384390826005,0.25758149341501674,0.0
1.617349882332092,0.17591987684592328,-0.5555991720016882,1.0714064986158887,0.0
0.8382711380269754,0.9534376707357531,-0.49573702613488824,-1.0056180782354287,0.0
-0.13717047675429206,0.524899036640743,0.20574891989655358,0.24491347626667553,0.0
1.773659402629395,1.5947618491765838,-1.7188928723666508,-2.0214224560312126,0.0
0.03643261658083948,0.9975537858520395,-0.00952847711078559,-1.260534547057599,0.0
1.1258929996599198,-1.1672496876988192,0.5815191900609695,0.6652403600831098,0.0
0.05602917045819138,0.7796063843609217,0.36427700262216656,0.8888210649218722,0.0
0.5969789244387149,-0.010032369627177327,0.4629101383051622,0.7196471307293067,0.0
0.6837746847222619,1.736597980533398,-1.3110758534286109,-2.0505277729552907,0.0
1.06197274419777,0.0232584742289307,0.0725400647844107,0.6846170086967236,0.0
0.021079410984016497,1.1908622012123653,-0.6036856957500326,-0.4638557434110105,0.0
1.826585528455629,1.5696631024903402,-1.714103900697307,-2.0117398951534997,0.0
1.572138935197729,0.12747783286697884,-0.5609457636599284,1.132498847010983,0.0
0.9252983536712781,0.5715856312261449,-0.971846093124806,-0.030837788729859518,0.0
-0.48090869060255925,1.3902101984147601,0.5545566235390466,-2.0363497373843535,0.0
1.0836523963219273,1.3218730613090017,-1.582013565680538,-1.8365892849905843,0.0
-0.8292490085405273,-0.17911976299803106,2.1236664711171858,0.8918007577634064,0.0
1.5099931708347094,-0.413940376874222,0.10935938463946977,1.1847155146015065,0.0
0.5779995848567128,0.8717047829007009,-0.15398911956357966,0.7464758931613032,0.0
1.1323737497610915,0.8738781964355629,-0.6508865877513066,0.16591415367690635,0.0
-0.49707198996202867,1.1532245302865334,-1.17226127736927,-0.9691355720711886,0.0
0.3273720050512886,0.11234753095120846,-0.19670838691291892,0.3365808160047859,0.0
-0.1701297201259643,1.0364662474088966,0.3724116942248878,-1.370097334132197,0.0
0.9458978807785735,-1.4877027948485748,1.0177092260810816,0.5765527131865338,0.0
0.9198591526935092,-0.31794655253734405,0.5576399340658844,1.6899953432616848,0.0
1.5555127251167475,-0.6686477245944007,0.021107821102688957,1.1250640234798817,0.0
1.0667175790932706,0.9421944353342554,-0.6427518961485853,0.7189036483761966,0.0
1.4063397451094248,1.0386396609437585,-0.9395369349446427,-0.22611429328859287,0.0
1.1897746792286106,-1.1780749589589976,0.6326890243361519,0.9223584588191412,0.0
0.319348219211743,0.7091167319273671,0.03515984482287364,0.7829929799001066,0.0
0.38758897474134046,-0.46669790061229155,1.3600550980875417,0.3060231149490511,0.0
0.9700078141906698,-0.40745357340094146,0.4109202746345444,0.8590126096483415,0.0
1.059465311122912,-1.6913767209136275,1.1104709512927582,-0.2342983626018979,0.0
0.6127178889701315,0.17721556568401406,0.10570533365340866,0.9551523703633001,0.0
0.342879514221949,-0.35426345677660614,1.2420036663206306,0.9566393350695204,0.0
1.0352010741369784,-1.383044573862141,1.2538120896149036,1.1548609518952246,0.0
1.318888194637069,-1.0491957159830916,0.4148564157326353,1.0117895880688275,0.0
2.242896570668979,0.5326731696692881,-0.9783079247608386,0.8023696285137204,0.0
0.34183796509854647,-1.0838031468843565,0.7771454026360897,0.028041402893185786,0.0
0.8833277815875009,0.9218813780661217,-0.5792160185902339,0.6160552561959652,0.0
0.6599347825643809,0.9153820356686014,-0.3372351843499293,0.7285919726830035,0.0
1.108688151177048,-1.191909572036677,0.6866469585558153,0.6041307214007343,0.0
1.2174335948389674,-0.6509176857196223,-0.06742583254612171,0.6480999219579203,0.0
-0.026349650024259413,0.6658783415078521,0.471077631083701,0.3000637292659825,0.0
1.5899224220824915,-0.5644300378129179,-0.03735371455670686,1.1303087439553097,0.0
-0.24227435607364844,0.8656652010586322,0.4502816856154538,0.13461297026806152,0.0
0.7802915701575659,-1.099790275289832,0.616091629372535,0.6622606672415755,0.0
0.7378580873522763,0.7056476295544144,-0.1809703827557186,0.1495171979048269,0.0
0.05842087585267133,1.5930272979901074,-0.5648819047580194,-1.8403355139016042,0.0
1.0679905835774293,-0.019561952049264718,0.2852917712538082,0.8135506809558413,0.0
-0.08984557065835641,0.6913741541283492,0.24734081083304796,0.2844102558470132,0.0
-0.30849759237532176,1.4139923580558467,-0.17534924525588658,-0.5837927028545864,0.0
0.7508967393415381,-1.5179633986801155,1.7931618235808156,0.8172738561504856,0.0
1.4015949102139245,-1.2628171886115511,0.7077053134306018,0.8060985671374585,0.0
0.9054317685397107,-1.4578601551583537,1.8316376028146546,0.5929496689586132,0.0
0.9652244034017098,0.04963201154619901,0.20266560936971573,0.7226268235708411,0.0
0.6348218759223414,1.6790861146878178,-1.2295649315223107,-1.861948373003642,0.0
-0.9149260679137531,1.6769127011529559,0.41400358516138225,-1.1852641630915683,0.0
0.45424811863910447,0.01374979001390924,0.29119598290094467,0.382042744697286,0.0
1.2595198946031227,-1.1123291995294209,0.5567871034946315,1.0319097190355513,0.0
-0.4361066479388654,0.8786220894395407,0.15741638732957852,0.10182482215299647,0.0
0.7572617617623314,1.279930359727577,-1.336955981148559,-0.3050732718747049,0.0
1.068260614831645,-1.249860300230643,0.7245979189765754,0.5258777628786221,0.0
1.6772968207679286,0.22693240029398334,-0.7132744241560481,1.1094451306354758,0.0
0.31892388438369007,0.7229513450050468,0.1312804104382546,0.8060985671374585,0.0
0.08318659945357672,-0.3706957169925872,1.743960059854679,0.42079604192451353,0.0
-0.4083505210769909,-0.6751345280676813,2.3884047611396193,0.7487121036497274,0.0
-0.1697169580659492,-0.5631328861003323,0.26308537522541176,0.16367794318848217,0.0
1.293389529060436,-0.4610762829115426,0.3240955622458215,1.6519567112420979,0.0
0.9533816041096883,-1.4280175154681327,1.0039655334135806,0.4424077483407327,0.0
-0.18944081239171698,-1.2399127536672359,0.8690542972765134,-0.08002289261700403,0.0
0.5037409899474559,-1.1071464441770575,0.8898502427447605,0.43793648004970315,0.0
-1.0976214993372544,1.747841215934896,0.9008058354677804,-2.329996449717376,0.0
0.14074183249493313,1.2976729375265954,-0.7720213300450555,0.17783868847213744,0.0
-0.4541833116139187,0.6745093010261024,0.019139750553643482,0.08393513824560293,0.0
-0.2742537717514531,0.9326857511192338,-0.24757973048816267,-0.19406962752663798,0.0
0.5619520131776212,-0.266913130882218,0.417382106270577,0.7263557621945793,0.0
-0.08969126708451897,0.8302009436676622,-0.5190914633168946,-0.12173859239848417,0.0
0.9396871619316173,0.058722731619900805,0.19256284721794892,0.8023696285137204,0.0
0.4753877082548306,-1.4236915866054745,1.572245904450461,0.2560945287087965,0.0
1.049859913651533,-1.3696279249257812,0.9570270508188461,0.4841426979753865,0.0
1.2830126137198696,-1.3069333037278374,1.0655005392470691,0.9193787659776069,0.0
-1.1906279784677571,1.7037251008186096,0.7228922578340694,-2.3001418870110943,0.0
1.1807864960525811,1.0386396609437585,-0.8273897148248681,-0.1865771697045981,0.0
-0.09602542879054492,0.6585221726206267,0.24793123199776163,0.11523632165444776,0.0
-0.5980096727877748,0.9733327638625673,0.008459687707490046,-0.3505467274253927,0.0
0.6213588891050268,0.6524616925714922,-0.12279224925538534,-0.4206300252069346,0.0
0.7767811638527646,-1.2554819179313919,0.7040643829148678,0.17187930278906888,0.0
1.8675917032029226,0.5685762894086438,-0.9327798927262534,0.4520960726475396,0.0
1.1443708526269507,1.772480202065688,-1.432505806304717,-2.016235369846724,0.0
0.20724667281885978,1.3608064210729245,-0.6798500259980924,-0.5137670393639835,0.0
-0.10416108472112273,-0.4814018791039159,0.5770254289739823,0.7665960241280271,0.0
-0.19860644467765953,1.578753822564042,-0.5041669283199663,-1.8269067241128714,0.0
0.244742441261352,1.084908291387841,-0.43166976952829467,-1.5623653287039267,0.0
1.0018715021880962,0.8751738852736536,-0.5255532949529271,0.6503361324463445,0.0
0.8601436696184289,-1.332888876903786,1.5876952582604682,0.7256065164123753,0.0
1.1210324370840414,1.5839365779164056,-1.4867589511067372,-2.086261033337327,0.0
1.1247357228561392,0.7021994253885273,-0.8054785293788286,0.4498604385020248,0.0
1.7669471971674677,1.628909519522397,-1.5823087762628947,-2.012489140935704,0.0
1.0576136682368633,-1.3307154633689242,1.165839336072571,1.2398138967389687,0.0
0.11605326068094646,0.3921327271505645,0.6079569377698137,0.6175422209021855,0.0
1.038325721507186,0.903720836125784,-0.7515205951591651,0.4133439281061308,0.0
1.2936209844211919,-1.2066010116040617,0.6349195042917368,0.9402423792974409,0.0
0.9923046806101764,-0.25652672197042536,0.1908571860754429,1.2949699131673695,0.0
1.403948039714945,-1.5672622691487652,0.9890409984166524,0.3425402016878545,0.0
1.6057385384008265,0.26975282657217875,-0.7947853460623482,0.7226268235708411,0.0
0.8712921028281824,0.15644274786042883,-0.07641991495525953,0.44911522712018653,0.0
0.5364533476009882,-0.2189099492516592,0.8499312117749549,0.9007455997171033,0.0
1.4604617236328987,0.9019862849393075,-0.7992791071493354,0.2859029839823273,0.0
1.1903147417370414,1.5713976536768168,-1.4341786662714053,-1.923040721398736,0.0
0.5961302547826091,0.1443426859692257,0.5222146641830658,0.6421405362748517,0.0
0.9570848898817862,1.2332228669351093,-1.1390664874420364,0.1465375050632926,0.0
0.761890868977454,0.9607938396229785,-0.2784948386960853,-0.8051660143503939,0.0
1.189157464933261,0.5733201824126214,-0.7419426518204773,0.6235073700143481,0.0
0.2948139509715937,-0.718811780835582,1.6877388445036132,1.2391222852477035,0.0
1.616578364462905,-0.4896169643015531,-0.0854107172468156,1.1675404959017537,0.0
-0.5636616972515659,-0.8437872387315626,2.1798876864682515,0.25534528292659253,0.0
1.479209607854145,1.1372374018810576,-1.1123663303266529,-0.3609785340853097,0.0
-0.10112516190587154,0.962528390809455,0.23300669700083348,0.17709520611902738,0.0
1.585756225588881,1.2302135251176078,-1.2568555098024081,-0.4042042522893858,0.0
1.0058833951078692,-1.3406630099323313,0.7830496142832262,0.0772265067803303,0.0
-0.37420854081185484,1.2232962185787684,0.3299997738929579,-1.7777446739421023,0.0
-0.24330433242901323,-0.40961653783227053,0.10401935321639307,0.23149621333613035,0.0
-0.7598625489751871,-0.5389160437522734,1.8960263109442592,-0.3669725003429416,0.0
0.7162170111215787,1.5320463297715743,-1.195582913375459,-1.3045095110438791,0.0
0.0029487410581200643,1.345676119157154,-0.3479152471960827,-0.4995890037930466,0.0
-1.4368964823122745,1.8356345838190828,0.5475043707383003,-1.7963605499153241,0.0
1.0854654633145169,-1.2074787363008332,0.660504421429328,0.7874654008769548,0.0
0.6887895508719779,-0.11469059061361107,0.4587115878005319,0.7084660782871857,0.0
0.9741354347908208,0.8440355567453416,-0.4128386144915112,0.7636163312864928,0.0
-0.6620225103942271,1.2652389201601923,0.5843400911812681,-2.1615314173033577,0.0
1.212688759943467,0.962528390809455,-0.9566919498971558,-0.20968852037104402,0.0
-0.032220901008773124,1.4131355315661416,-0.3616884609218193,-0.4764776531266007,0.0
0.9935776850943352,-1.2048873586246514,0.7771454026360897,0.6287232733443066,0.0
-0.1344933097482129,1.4606998508483144,-0.23886773819105475,-0.4712905669421115,0.0
1.458957263787984,-0.20118826965970718,-0.16129656551218552,1.3478781922491585,0.0
1.5332544345907,1.1873930988394124,-0.9783079247608386,-0.251415747010712,0.0
-0.09767261944125934,0.07514872237376197,0.8122754619365514,0.4483700157383483,0.0
1.4039094638214855,1.0373439721056676,-0.7815664722079261,0.271742238698672,0.0
-0.3989268160638052,0.9413376088445501,0.11301015550794913,0.05114122670144396,0.0
-0.05972165545594674,-0.5562137405192707,2.021917223731535,0.18156762709587576,0.0
-0.049213582077618646,-0.4199945874612368,1.8268814323211282,0.23820484480140294,0.0
1.1694837592689904,-1.4755818347503058,1.4126025817470558,1.1429306536708999,0.0
0.479901087789575,1.134646024204876,-0.22593751468382597,-1.396897279418724,0.0
-0.2413986832921211,0.8211102235939605,-0.25376275212974725,0.16219097848226194,0.0
0.8268912494564657,-1.638608748072025,2.020244363764846,0.8187665842857997,0.0
0.534794584182236,-0.508644781835129,1.445764570498472,1.3158335264872034,0.0
1.4276336382989885,-0.12419927482863254,-0.23296680666150005,1.2010836532281166,0.0
1.1581038706984808,1.5627457959515008,-1.4355891168315544,-1.8597006356570303,0.0
0.636519215234553,0.10413453557427788,0.4991882387592339,0.5951858794470375,0.0
1.1265873657421883,-0.17046790527271483,-0.15202170503805057,1.1973374243170967,0.0
-0.3831689493445936,1.2587395777626722,0.31451761890713353,-1.7986082872619362,0.0
0.8605680044464818,-0.4723195183130405,0.31537044947838655,1.1764738109972628,0.0
0.4782809002642821,0.18931562757521717,-0.02863844214201716,0.6510796147994545,0.0
-0.9287748136656611,0.13569082824390952,-0.6011600052120909,-0.6620600699494333,1.0
-0.2393387305813916,-0.5877821123525866,-0.15483243779384567,0.6898329120266821,1.0
-1.0331611813666735,-2.052894804948036,2.444625976490685,1.0453269819660964,1.0
-1.2695156805921366,-0.6219444114433459,0.29345926403234696,1.2808495118873715,1.0
-1.068072364947389,0.014606616503614512,-0.9749622048274613,-0.799921293874966,1.0
-0.7347342119757638,0.11061297976473207,-0.7419426518204773,-1.2098163710314833,1.0
-0.2573613880056019,-0.5319964384106562,-0.23858564807902488,0.5720860556387792,1.0
-0.7699578602935001,-1.9499711351480786,1.7661664558830752,0.8023696285137204,1.0
-0.9781905331870937,-1.8647900431471391,1.611312104849014,0.832927329569455,1.0
-0.6268490107379879,-0.5769710518732131,-0.24870481081870036,0.7770335942170379,1.0
-0.5306561628077424,0.04660177152163166,-1.3403017010819362,-1.2761534399020051,1.0
-1.0924909055071603,0.017197994179796172,-0.38136260617711054,-0.8685061000920999,1.0
-0.6886437344705274,-0.9501591126974068,0.6436446170591716,1.1399913048330226,1.0
-1.0926452090809977,-1.996239765592161,1.649263065269774,0.5206607068628448,1.0
-0.524113691277036,-0.6388092645455928,-0.30126213483095976,0.8485750395593306,1.0
-0.20710471400675526,0.1443426859692257,-1.62249021663924,-1.842583251248216,1.0
-1.7046131829201925,0.45743962423175577,-0.39653971022783296,-2.317316905710847,1.0
-1.0325825429647832,-0.6206466327845486,0.3226851116856722,0.5020292696310693,1.0
-1.1984588848400064,-2.042947258384629,2.026706195400879,0.29335509780071,1.0
-0.5729314844498486,-1.4669299770249895,0.5084381703397476,0.9208657306838272,1.0
0.017221821638081076,-0.31015152130173307,-1.0106498841168192,0.5512166788898515,1.0
0.0593466972956959,0.2381756356954812,-1.7649785243901324,-1.8701324423169474,1.0
-1.4444187815368486,-0.4628066544566058,0.6557154497599839,0.613075563354431,1.0
-1.2716759306258605,-1.6965594762659906,1.7594094136646858,0.9961418780789518,1.0
-1.0164578194987732,-1.8838074115771823,1.3833767340937304,0.5854975551402305,1.0
-0.19381531871000776,-0.4580502225283885,-0.793932515491095,0.8202593124211139,1.0
0.24312225373605914,0.33029493244232633,-1.752350071700424,-1.0466536933838315,1.0
-1.633440659487684,0.025849851905112357,-0.03847551476966277,-0.008475683845617539,1.0
-1.18569026410496,-0.8744867049114888,0.2555083036115867,0.744239682672879,1.0
-0.7420983500371544,-0.9782672012011516,-0.20851353008961002,0.5258777628786221,1.0
-0.1581827659216023,-0.15404191451885363,-1.2231030998862782,0.30080721161909263,1.0
-0.037575235020931484,0.13957789475818197,-1.4746553172301073,-0.4772268989088046,1.0
-0.49790137167140486,0.08423944244746386,-1.2548874392533627,-1.1926989866226694,1.0
-1.7818421216258193,0.1369865170820003,-0.3147532584446665,-1.5720478895816397,1.0
-2.781652128305361,1.2561482000864908,-0.14134183899895203,-1.6465690277654663,1.0
-2.045971264142017,0.14045561945495316,0.10907729452743993,-0.08747500643538672,1.0
-1.557330421692378,-0.5709168412861984,0.08069115697504069,0.45582270589964036,1.0
-1.0461998333559352,-0.5601057808068249,-0.47017506982036933,0.18156762709587576,1.0
-0.6379742984116658,-0.04075273401416962,-1.1103982597776072,-0.1046212079896702,1.0
-0.7228914126837421,-0.15360305217046802,-0.9226771305744865,-0.14041210266264495,1.0
-1.1867703891218218,-0.3382596098054778,-0.2962009134023312,-0.1448499430649301,1.0
-1.2127705413134267,-0.23015318465315712,-0.171976628358339,-0.5182625140572075,1.0
-0.8746528351421873,-0.8658348471861728,0.7976461375219801,0.744983165025989,1.0
-1.38817512887311,0.24985773344536472,-0.25376275212974725,-0.24991725544630405,1.0
-0.2957289716402755,-0.2500482777799712,-0.6098523168037083,0.15026644368703085,1.0
-0.9808908457292488,-1.6230395838078688,2.0460916903089768,0.5884772479817649,1.0
-1.5753067880444371,-0.6690803174806665,0.6388556453898278,0.9350264759674823,1.0
-1.153247937705643,0.11709142395518628,-0.5896139913243573,-1.0004309920509395,1.0
-0.5554758926594909,-0.5886472981251182,-0.12981858912723587,0.39769045468716147,1.0
-1.2516164660269962,-2.027378094120473,2.313650881451709,0.8411229257409479,1.0
-1.3894095574638095,-0.5799975302205085,0.27545141850858085,1.0878322715334376,1.0
-1.2570942428982248,0.0881265089617363,-0.9305494127706684,-1.0518407795683204,1.0
-0.9463654210831267,0.1300692105431605,-0.7905867955577178,-1.4945297682689969,1.0
-0.5418817478044146,-0.5622679093098714,-0.16607438478175157,0.23000924862991015,1.0
-0.9769561045963946,-1.945227242144101,1.7414343693167373,0.42601194525447206,1.0
-1.0557666549338551,-1.8167868615165805,1.5750668055707597,0.6577882462647272,1.0
-0.7534280899461668,-0.5497271042316467,-0.22369063414033238,0.6697127810599581,1.0
-0.7353514262711134,0.06952710467301304,-1.327378037809871,-1.4982759971800166,1.0
-1.2852160692300938,0.10369567322589228,-0.4724153901286994,-1.0771998675813785,1.0
-0.9072880410088009,-0.9921227124858971,0.7771454026360897,0.8373997505463034,1.0
-1.1215771291755134,-1.9767835348137326,1.5862848077003189,0.3000637292659825,1.0
-0.592913797261794,-0.6098359902693165,-0.2939540328588376,0.7293354550361136,1.0
-0.38610407335023544,0.1862853875506499,-1.58988584787672,-2.054216367575372,1.0
-1.887578645597909,0.4656526196086863,-0.4471289636910468,-2.440250848283239,1.0
-1.2155480056425,-0.5929711371670696,0.2889655029453598,0.3671385170605206,1.0
-1.347438985380032,-2.0844719958247335,2.098934384550848,0.1472809874164027,1.0
-0.6250475165134362,-1.3942878092636388,0.4615324889208304,0.8344142942756753,1.0
-0.06724009709117483,-0.3265775120555943,-0.9547238793481104,0.45135086126570134,1.0
-0.1555557475770203,0.26845713773408797,-1.7096101396103196,-2.0974420857794476,1.0
-1.599802480391127,-0.4697260508161522,0.7158728062091406,0.45060564988386304,1.0
-1.3833145662972313,-1.7402367290338914,1.8575177305346027,0.8634850306251898,1.0
-1.1143634370986142,-1.9344019708839228,1.4460597810808289,0.4751993545132541,1.0
-0.29624203102328495,-0.43815721922228107,-0.7807464428124904,0.7412599898313448,1.0
0.11011257308820596,0.3376511013295516,-1.7337846061877615,-1.1845149173093643,1.0
-1.7247497993059753,0.004241105798887874,-0.09131492889395204,-0.1016242248608542,1.0
-1.3078215427972755,-0.8589175406473329,0.22542962538700836,0.580281651810272,1.0
-0.8690979064840402,-0.9168682688412989,-0.31671804887613025,0.36638927127831666,1.0
-0.3118459799275937,-0.15707215454342094,-1.2211350293372327,0.13163327742652722,1.0
-0.15905843870312963,0.1737464633110612,-1.4496608212572297,-0.5406246189414493,1.0
-0.690703687181257,0.11753028630357187,-1.2208726199306934,-1.2992647905684511,1.0
-1.987220178403421,0.16553346793413062,-0.30126213483095976,-1.7531348317112485,1.0
-2.125591908242124,0.1586161613952908,0.040217786133920505,-0.18507867814019016,1.0
-1.6676574769861308,-0.5367528703388736,0.03712791537191912,0.31720416739117213,1.0
-1.1390905848060602,-0.4792389146725869,-0.567407595295961,0.012387929474216446,1.0
-0.6822092754415071,-0.02819291156751497,-1.143593049704841,-0.24023469456859098,1.0
-0.7578566025153007,-0.143655505607061,-0.9041116650618242,-0.20150445105773898,1.0
-1.2451742918192839,-0.251343966618062,-0.3827664965020963,-0.18807566126900613,1.0
-1.4695702640723474,-0.14668574563162828,-0.2832739700126841,-0.7298956303843629,1.0
-1.108461325399333,-0.7352440410515629,0.6880574091159646,0.5437639887285594,1.0
-1.657203409858646,0.28576085318472044,-0.2931110426403298,-0.5629290895347525,1.0
-0.6092391153737928,-0.2617303755298547,-0.6118203873527539,-0.16052647020027505,1.0
-1.2970588685221154,-1.568557957986856,2.0362513375637494,0.45284186037228724,1.0
-1.6861353299531616,-0.626270340306004,0.5551142435279428,0.8344142942756753,1.0
-0.7799104408060136,0.06867027818330787,-0.5269309443372592,-0.4451822331468497,1.0
-0.37817375690054184,-0.7776235151606661,0.3156656600607434,0.9335395112612621,1.0
-0.8938636300849457,-0.5051861285657091,0.10570533365340866,1.5110985041877492,1.0
-1.0316181456282996,0.1292123840534553,-0.888957521834174,-0.7932357161260689,1.0
-0.6020292808862395,0.040980153820882735,-0.6851638164805152,-0.9139795556427878,1.0
-0.30715900887228215,-0.7032447063921325,0.1433643636093938,0.6585317286178373,1.0
-0.6879763715136806,-2.1142937373078885,1.9851143044643844,0.6957980611388446,1.0
-0.6340086965640441,-1.6295389262053892,1.3521828158913598,1.3404433687180572,1.0
-0.38826694654471455,-0.42648139093451737,-0.35466244906172695,0.9245946693075653,1.0
-0.5005283900159868,0.10628705090207394,-1.3175376850646436,-1.350674578085832,1.0
-0.9470983630588544,-0.10992579940256733,-0.2992940642819143,-0.47353830428872346,1.0
-0.6435330846591586,-1.1434675280577329,1.0730776108608941,1.0624674200912858,1.0
-0.704143528462496,-1.7571015821361382,1.296256811122651,0.6726924739014926,1.0
-0.19608358124541778,-0.42129236612003423,-0.5311622960177068,0.7181544025939925,1.0
-0.10235959049657087,0.2018545518148059,-1.5890330173054668,-1.899237759241025,1.0
-1.5141639969113607,0.28920905735060726,-0.29423612297086743,-1.8365892849905843,1.0
-0.9263059564842625,-0.8459397540593586,0.6118930788679047,0.4751993545132541,1.0
-1.0787964633290896,-2.253977353336907,2.1798876864682515,-0.21043776615324805,1.0
-1.058042632647957,-2.497880328003973,2.387584731744184,-0.5018367411396586,1.0
-0.17651403049348738,-1.2814165929002745,0.4148564157326353,1.122067040351066,1.0
0.39364539001445914,-0.17090676762110044,-1.1323422463994646,0.48935952345399997,1.0
0.08384238964238576,0.28444426613956353,-1.6674606286849292,-1.7673128672821854,1.0
-1.367575601765815,-0.7196769666081135,0.9578470802142817,0.4886143120721617,1.0
-1.0645233827491287,-1.8812160339010007,1.8561072799744536,0.5698498451503551,1.0
-0.597755071890943,-1.6377519215823197,0.9839896173407692,0.5176798613354917,1.0
0.2131487845181409,-0.3706957169925872,-0.7905867955577178,0.8649719953314099,1.0
0.5327886377223496,0.3942852424783606,-1.7807230887824963,-1.1830164257449562,1.0
-2.5040985748653073,1.1519288414484425,-0.05309171871390718,-2.4127016572145084,1.0
-1.5020897422585828,-0.18777162072334724,0.0818129571879966,0.22032092432310327,1.0
-0.9366057200379101,-1.028882658714958,0.35358381930568616,0.8448518643646861,1.0
-0.22461045445861016,-0.7564348230164679,-0.496327447299602,0.6726924739014926,1.0
0.22368000343254463,-0.09565232397650222,-1.1671770951175693,0.4200525595714034,1.0
0.2823539373842223,0.21180209837821296,-1.4606164139802498,-0.5040844784862704,1.0
-0.4799288629086917,0.11926483749004826,-1.150317290747413,-1.1136823737456185,1.0
-1.7873198984970475,0.27710899545940415,-0.26191384432037723,-1.7628173925889614,1.0
-2.7636371860598423,1.099181766813906,0.0579238608401663,-1.393900296289908,1.0
-1.9009259047348457,-0.0009625477605414714,0.11441732595051664,0.03698624484688255,1.0
-1.2467559034511175,-0.6076751156586939,0.03937479591541271,0.5199154954810066,1.0
-0.57978256312823,-0.371128309878853,-0.6784395754379432,0.15995476799383773,1.0
-0.28753930945885464,-0.0550053112331688,-1.0764162416307554,0.14206508408644422,1.0
-0.4293095755113272,-0.17782407415994023,-0.8715072962993041,0.16069825034694785,1.0
-1.0138346587435372,-0.3296077520801616,-0.2607887639898396,0.14206508408644422,1.0
-1.1014790886831898,-0.29587804587566796,-0.05505978926295266,-0.13067190749399324,1.0
-0.8830623799163264,-1.0613166760813606,1.355823746407094,0.7621236031511787,1.0
-1.1817555229721057,0.2442361157446157,-0.4052517025249409,-0.21193625771765598,1.0
-0.3170460103659147,-0.41134481955662716,-0.3122210076715613,0.49085006148625837,1.0
-1.208025706417926,-0.5696194805915423,0.49495688707878605,1.2674207220986384,1.0
-1.072508592695215,0.1594729878849961,-0.5426755087296228,-0.8834333814452406,1.0
-0.39032678352776373,-0.5289703780275022,-0.20879562020163986,0.4923405995185168,1.0
-1.0386775341313612,-1.9815483260247764,2.1976003214096607,1.2554904238743136,1.0
-1.195719996404392,-0.6591348607379661,0.41459400632609583,1.4924826282145272,1.0
-1.0431523377726462,0.02411530071863597,-0.8605517035762844,-0.6233298264385811,1.0
-0.8853769335238877,0.12574328168050244,-0.7239676074725285,-1.3917101932342348,1.0
-0.42539566536094103,-0.475780261403167,-0.25207677169273157,0.4081280247761723,1.0
-0.7868541016286973,-1.892898131650884,1.6680909401889759,0.9484437388980276,1.0
-0.8042904054723253,-1.8768901050383422,1.6121649354202672,0.9514234317395618,1.0
-0.5865796355557682,-0.6072425227724282,-0.13768824722935238,0.9275743621490997,1.0
-0.5301392458353871,0.07817896239832924,-1.2863437668622728,-1.1166793568744344,1.0
-1.2578271848739524,0.13439513940581865,-0.43419874018381804,-1.1822671799627524,1.0
-0.8473025266795051,-0.8195662167420904,0.5981165850245864,0.9327902654790582,1.0
-0.9339825592826742,-2.0433861207330146,1.707419549994068,0.6682258163537379,1.0
-0.4723602726119664,-0.7006491490745377,-0.11267439856274256,1.1772230567794668,1.0
-0.20159221883141354,0.1875810763887408,-1.5837192268230442,-1.7091598677249684,1.0
-1.144182602742695,-0.5146989924221437,0.2647910363679179,0.2739784491870962,1.0
-1.230245421050514,-1.9054370558904727,1.8350161239238494,0.3678819994136307,1.0
-0.38862739969319876,-1.3951446357533441,0.44463988337485677,1.0162620090456758,1.0
0.13163792163852553,-0.33652505861900134,-0.9130991872357986,0.7181544025939925,1.0
0.08499966644616642,0.25547935114611364,-1.7278803945406251,-1.821719637928382,1.0
-1.5779299487996732,-0.4308052299764688,0.7425729633245243,0.35074156128844114,1.0
-1.2765750690951985,-1.6502908458219085,1.7023681689181844,1.0162620090456758,1.0
-0.8677863261064223,-1.9248932866689012,1.4350713871819918,0.4684918757338003,1.0
-0.0970554051459097,-0.49696895354736526,-0.6857542376452289,0.9708000803531756,1.0
0.2582054280786666,0.3212042123686245,-1.6334458093622597,-0.8916174507585458,1.0
-1.7469309380451037,0.04315356735574482,-0.09356180943744562,-0.20893927458883998,1.0
-1.1743103755344504,-0.8524390964568789,0.23556518871459253,0.6980342716272687,1.0
-0.6588785750772898,-0.9272546777530914,-0.2574168031158083,0.4163236209476652,1.0
-0.1000951855505068,-0.15751101689180655,-1.1643889951730881,0.3693747275489448,1.0
-0.06368725730356833,0.16985939679678874,-1.335250320006053,-0.3170035700990298,1.0
-0.6044981380676381,0.11364321978929934,-1.2295649315223107,-1.1241141804055355,1.0
-1.8100796756380666,0.1157957351170954,-0.371804343543913,-1.4721676633847547,1.0
-2.1554496497796642,0.16336005439926854,0.07450813533345614,-0.05841003351496608,1.0
-1.542594430390905,-0.49264511450541376,0.0034017463964431628,0.5273681856422986,1.0
-0.9600212873677382,-0.5281051922549707,-0.5255532949529271,0.2076471437456682,1.0
-0.5697914067222573,-0.069278786659234,-1.1222066830718802,-0.11355452308517913,1.0
-0.7267528596190234,-0.21243150506120506,-0.8647830552567322,0.037729727199992666,1.0
-1.2089515278609506,-0.3110292459985043,-0.32655512150377586,0.019840043292599134,1.0
-1.2825543325813984,-0.12246472364215606,-0.2978901739569285,-0.47872539047321266,1.0
-0.938881697752012,-0.7646499082141051,0.6293105032269571,0.7151747097524583,1.0
-1.5019354386847454,0.25633617763581884,-0.20626664954611643,-0.18507867814019016,1.0
-0.40376731917508496,-0.23924390472685894,-0.6064737956945137,0.04891077964211362,1.0
-1.0496330878738176,-1.5564578960956528,1.8929101992416038,0.7166674378877723,1.0
-1.5081461575317014,-0.6842168888585567,0.7099685945620041,1.2815987576695753,1.0
-0.7686192767904605,0.02628871425349796,-0.5491373403656555,-0.41538530473150664,1.0
-0.45655187147232307,-0.8048747771747057,0.3089086178423539,0.9104339240239102,1.0
-1.1028292449542672,-0.4930777073916796,0.10935938463946977,1.3054017198272865,1.0
-1.2646165421227986,0.1309469352399318,-0.8844309595713694,-0.9325954316160097,1.0
-0.5858582663480782,0.04141901616926834,-0.738301721304743,-0.815597821010311,1.0
-0.3345556084071155,-0.7854185463962772,0.18495297442830644,0.7688322346164512,1.0
-0.740038397326425,-2.209443274079301,2.079811299049289,0.6846170086967236,1.0
-0.7508512202630819,-1.6239173085046401,1.3437529137062816,1.2867858438540647,1.0
-0.5472360818165728,-0.44464402269556164,-0.31728222910018994,0.8672082058198342,1.0
-0.7050732074948663,0.14866861483188384,-1.347616363289222,-1.5042123291467098,1.0
-0.8832938352770827,-0.11122148824065821,-0.3004191446124519,-0.31775281588123383,1.0
-0.6444627636915291,-1.2321177224316249,1.1040091196567257,1.1697882332483656,1.0
-0.8150145038540257,-1.7782923641010433,1.352740435880256,0.8836051615919137,1.0
-0.34428830632691054,-0.4762128542894327,-0.46652101883430824,0.7345513583660721,1.0
-0.3447512170484228,0.2226064714313252,-1.600021411204304,-2.033352754255538,1.0
-1.441564165420856,0.26153983119524815,-0.30575917603552866,-1.6085880300368185,1.0
-0.8669762323437759,-0.9112466511405498,0.6815955774799318,0.7852291903885308,1.0
-1.1011319056420557,-2.365114018513795,2.3746610684721183,0.10331178685921669,1.0
-1.1055681333898815,-2.564900878064575,2.4064126066633853,-0.07555047164015564,1.0
-0.3267285596242125,-1.259786948586984,0.3066453367109516,1.2696684594452505,1.0
0.19177773954165875,-0.1484202968181047,-1.147529190802932,0.41706710330077523,1.0
-0.12795469580685237,0.3030436704282869,-1.6430237527009477,-1.899237759241025,1.0
-1.9303207355508736,0.6611135502968085,0.03515984482287364,-2.358294886568311,1.0
-1.31171770803667,-0.7218399310394427,0.8443222107101752,0.9268308797959895,1.0
-1.0832712669703746,-1.9724576059510741,2.0452388597377236,1.0058302023857588,1.0
-0.6632067903234292,-1.7199236717657578,1.1835519710139804,1.008066412874183,1.0
0.003411651779632349,-0.3274552367523655,-0.8987650734035839,0.8299476367279208,1.0
0.2997130894409317,0.44099273527082866,-1.8290720219373797,-1.377532157663298,1.0
-2.3827002381487197,1.1229639264549927,-0.12981858912723587,-2.104934543601488,1.0
-1.4324602545644485,-0.21673653571679719,0.1298732399956871,0.4349550581794407,1.0
-0.9647661222632387,-1.0215264898277325,0.3822520469701153,1.0028447461151304,1.0
-0.395579585788337,-0.7720018974599173,-0.4527478051085717,0.8619923024898757,1.0
-0.046536415071539446,-0.08484795092338998,-1.1626833340305822,0.41930331378919944,1.0
0.020500772582126247,0.21439347605439463,-1.5086701365527766,-0.6292661584052742,1.0
-0.7166073996392133,0.09677836668705248,-1.1320470358171075,-1.2061277764114022,1.0
-1.917204931774693,0.28402630199824397,-0.26191384432037723,-1.7576303064044723,1.0
-2.6587879076373175,1.042526727458031,0.037970905590426915,-1.1926989866226694,1.0
-1.845955256555266,-0.03210087628885344,0.12903024977717928,0.3090028077905855,1.0
-1.3232904760744764,-0.6089708044967849,0.08574909828608755,0.7285919726830035,1.0
-0.7120747321577392,-0.38972353452616304,-0.6826381259425736,0.37682684136732747,1.0
-0.5072251651205306,-0.003553925436723131,-1.0547674655912553,0.10927693597137915,1.0
-0.6222661945950168,-0.19771916728675432,-0.8495961108532646,0.04368911288306127,1.0
-1.2022007465055635,-0.3110292459985043,-0.3192470195316537,0.01090096476799622,1.0
-1.1783608443476827,-0.30149966357641683,-0.08344592681535186,-0.14116134844484898,1.0
-0.9924250378735955,-1.0202308009896417,1.2526968496371111,0.6488434043110304,1.0
-1.2827472120486951,0.20835389421232603,-0.3729294238744507,-0.23130137947308205,1.0
-0.4350265229220034,-0.4316704157490005,-0.2709079267295151,0.4535870717541255,1.0
-1.403836941617608,-0.5203206101228927,0.44463988337485677,1.0483066748076308,1.0
-0.7084717437086354,0.06087524694769686,-0.5662923553181686,-0.3565406936830246,1.0
-0.26714809217624,-0.7655150939866368,0.21473644207052794,0.9983780885673761,1.0
-0.9167777107998022,-0.5194554243503611,0.1526405361305615,1.3985963682752742,1.0
-1.0480900521354437,0.13353831291611346,-0.8931560723388045,-0.779057680555132,1.0
-0.5517147430472039,0.05007087389458462,-0.7301342285262044,-0.78430240103056,1.0
-0.2446429159320528,-0.7300550162370798,0.11329224561997897,0.9171425554891827,1.0
-0.6033678643892791,-2.2137692029419593,2.058457733592146,0.9163933097069786,1.0
-0.5326119606061317,-1.718627982927667,1.421885314503387,1.3792312465198482,1.0
-0.3430538777362112,-0.5112403391527238,-0.29957615439394414,1.0468197101014105,1.0
-0.49424823456080397,0.12488645519079718,-1.3108134440220716,-1.2925792128195541,1.0
-0.9278104163291775,-0.07448244021866325,-0.29029998187277645,-0.3714103407452267,1.0
-0.6593954920496451,-1.2636949133083226,1.2074312270090652,1.3546214042889941,1.0
-0.6316401367056397,-1.8747375897105465,1.424968625030225,1.1250640234798817,1.0
-0.19000787802556948,-0.5038883499069117,-0.4201467164636334,1.0415980433423582,1.0
-0.14149483441108568,0.22866695148045973,-1.6117970333227594,-1.8455802343770322,1.0
-1.5402027249964247,0.31949055938921395,-0.33779936457398896,-1.7971097956975282,1.0
-0.954119175668457,-0.8861688026613724,0.6546002097821916,0.7747973837286137,1.0
-0.10271834630574285,-1.34628462763308,0.3847777375080569,1.395599385146458,1.0
0.388514796184365,-0.18215000302259834,-1.1146296114580552,0.6086031423775826,1.0
0.059192393721858416,0.2598052800087717,-1.6382347810316038,-1.7412045334869233,1.0
-1.3896795887180247,-0.7784803416503714,1.1332349673100508,0.9357757217496864,1.0
-1.0859715795125293,-1.9819662901660957,2.0539639725051586,1.1608549181528567,1.0
-0.6670682372587107,-1.7523576891321604,1.1118814018529075,1.0774004648735207,1.0
0.16481319001357014,-0.4182642159161736,-0.8091194598945626,1.079590567929194,1.0
0.4566398240335845,0.39298955364026983,-1.7765245382778658,-1.0831361995480715,1.0
-2.5643541204488183,1.1402676419056248,-0.10143081151604577,-2.402269850554591,1.0
-1.5545529573633046,-0.18647593188525644,0.09755424146277868,0.22628031000617188,1.0
-1.034279882276995,-0.9947140901620787,0.37523259534518644,0.8977659068755689,1.0
-0.43878381494494456,-0.7983754347771855,-0.45640185609463274,0.821002794774224,1.0
0.08071774227217807,-0.11945538182465482,-1.1924668016728035,0.5616484855497683,1.0
0.1695580249090707,0.19579407176567137,-1.4746553172301073,-0.4325603234312595,1.0
-0.5474405340519074,0.08942219779982717,-1.1154824420293081,-1.0622725862282376,1.0
-1.8924392081737875,0.23947132453357206,-0.24701883038168473,-1.7136553424181922,1.0
-2.8463053257432382,1.1160466199161527,-0.005031435906216681,-1.3685988425677889,1.0
-1.9879916962726079,0.021962785390839915,0.07956607664450305,0.07275408580348192,1.0
-1.4261338080371144,-0.5782682035857986,0.0579238608401663,0.5228963410083597,1.0
-0.7969995616085074,-0.3918864989574921,-0.700908380872879,0.2180847138346791,1.0
-0.5050109088359638,-0.04031387166578402,-1.1123663303266529,0.106291479700751,1.0
-0.5825098787958063,-0.18733275837496166,-0.8813476490445316,0.0951161906877239,1.0
-1.1567583440104443,-0.34907443196212307,-0.2380247479725469,0.08393513824560293,1.0
-1.1377790044284422,-0.2297143223047715,-0.12925637697372522,-0.15902797863586712,1.0
-0.9443594746232402,-0.9471497708799056,1.1762373088066944,0.8053493213552546,1.0
-1.1723430049680235,0.24597066693109218,-0.3524122884006516,-0.18957415283341406,1.0
-0.28707639873734236,-0.4048580160833466,-0.36702849234489604,0.5079909606857754,1.0
-1.3013407926961036,-0.5799975302205085,0.48990550600290267,1.1422390421796345,1.0
-1.2308626353458636,0.14822975248349823,-0.5463492404211744,-1.0466536933838315,1.0
-0.5478031474504254,-0.5903776696701813,-0.12447855770415914,0.4364454809431172,1.0
-1.1631233664312377,-0.6612978251692951,0.2929016440434507,1.4410728406971463,1.0
-1.0480514762419844,0.02628871425349796,-0.9243499905411752,-0.8662583627454878,1.0
-1.0219355963700016,0.1439038236208401,-0.7118639735958988,-1.5668031691062116,1.0
-0.5504803144565045,-0.49004955718781895,-0.254605742348255,0.27993783487016477,1.0
-1.0023004665991901,-1.9387278997465804,1.7588517936757897,0.6697127810599581,1.0
-0.9772647117440694,-1.9119155000809267,1.743960059854679,0.9909202113198995,1.0
-0.5945609879125084,-0.5782682035857986,-0.21582163206173224,1.0885238830247028,1.0
-0.5791653488328803,0.03665422495822469,-1.3394816716865008,-1.2992647905684511,1.0
-1.3396080790077831,0.019789371855977834,-0.34960122763309837,-1.1591558292963062,1.0
-0.9297006351086857,-0.9583930062814034,0.680742746908679,0.832927329569455,1.0
-1.0451582842325327,-2.0451206719194905,1.7549156525776985,0.5840105904340104,1.0
-0.4926511925715867,-0.6928645669424597,-0.28214888968214646,1.0013577814089103,1.0
-0.2612768411917263,0.13395627705743304,-1.623047836628136,-1.824658986766259,1.0
-1.2825543325813984,-0.7010817419608035,0.5062076903841627,0.22926000284770615,1.0
-1.347863320208085,-2.1147325996562745,2.1177622594700494,0.11597980400755788,1.0
-0.5288006623323475,-1.4877027948485748,0.5466843413428647,1.0311662366824412,1.0
0.00044130798326206237,-0.3693979383337897,-0.9153624683672008,0.7338078760129619,1.0
-0.016771255678301764,0.245092942234321,-1.7618952138632944,-1.893993038765597,1.0
-1.6706663966759607,-0.5635652700045275,0.8271671957576623,0.22851652049459606,1.0
-1.3793026733774587,-1.7679268533963164,1.8277342628923812,0.5146984394652293,1.0
-1.0051550827151825,-1.9313717308593552,1.4199172439543417,-0.056173823026541884,1.0
-0.11790953315003656,-0.5220509816679559,-0.7301342285262044,0.6957980611388446,1.0
0.2787278033990431,0.26845713773408797,-1.699507377458553,-0.9542082907180477,1.0
-1.8577594799538282,-0.050679382370510756,0.07900517653802505,-0.13891361109823702,1.0
-1.2376905684881696,-1.002070259049304,0.41823493684183005,0.7479686212966172,1.0
-0.7288128123297528,-1.0202308009896417,-0.16129656551218552,0.5452544114922359,1.0
-0.10411093605962554,-0.19642347844866348,-1.1927620122551605,0.4036556037993239,1.0
-0.010645403796956363,0.15732047255720003,-1.4462823001480352,-0.4988397580108426,1.0
-0.5244222984247108,0.1093172909266412,-1.2613492708893954,-1.346985983465751,1.0
-1.877008850790046,0.17807239217371934,-0.27034374650545534,-1.7375159388668422,1.0
-2.2207200615128917,0.09418698901087082,0.2082746104344953,-0.2596574506149558,1.0
-1.6262269674107845,-0.5877821123525866,0.175686642259884,0.5139532280833911,1.0
-1.0667993604632304,-0.574808714388096,-0.3928856592417718,0.2739784491870962,1.0
-0.6196931825012777,-0.03943614696901281,-1.0848461438158337,-0.030088542947655488,1.0
-0.7352472713587731,-0.1341468213920396,-0.9201514400365449,-0.24697790660842683,1.0
-1.1904350990004604,-0.2911341528716902,-0.3549412590561751,-0.240983940350795,1.0
-1.654271641955735,-0.1812931765328931,-0.0851319072523675,-0.8916174507585458,1.0
-1.2455600507538775,-0.820005079090476,0.8392380284584745,0.6972907892741586,1.0
-1.7685720142758015,0.2662837241992259,-0.17029031990956517,-0.7343911050775869,1.0
-0.6734023989647365,-0.19512778961057264,-0.6343219939635072,-0.17989159195570098,1.0
-1.2623019885152373,-1.5491017272084275,1.9381758218696499,0.5519601612429614,1.0
-1.5548615645109793,-0.6984882744639153,0.7431305833134204,0.9819811327952965,1.0
-1.3519523649147764,0.18283718338476307,-0.5944029629937014,-1.1539687431118173,1.0
-0.7104776901685219,-0.5497271042316467,-0.12672707830644359,0.3544647364830856,1.0
-1.379881311779349,-1.996239765592161,2.3293954458440727,0.8955296963871446,1.0
-1.343619971927556,-0.6418374147494534,0.3429234371650232,1.132498847010983,1.0
-1.150740504630785,0.04444925619383561,-0.9015859745238826,-0.8796871525342207,1.0
-1.1670966834575511,0.21265892486791815,-0.7801888228235941,-1.7553825690578602,1.0
-0.7063577847470629,-0.42172495900629997,-0.304634095704991,0.18380383758429994,1.0
-1.0797994365590327,-1.8846851362739536,1.6975791972488405,0.7330586302307581,1.0
-1.0974286198699577,-1.935279695580694,1.7065995205986324,0.8046058390021446,1.0
-0.7267528596190234,-0.5648626306991836,-0.2104816006386555,0.8090782599789929,1.0
-0.6611969862741969,0.060018420457991585,-1.32344189671178,-1.325373124363713,1.0
-1.4592705005186999,0.12703897051859325,-0.4510618246715561,-1.325373124363713,1.0
-1.031772449202137,-0.8437872387315626,0.5107014514711499,0.788958129012269,1.0
-1.1440282991688575,-2.0157168945776553,1.672289490693606,0.4133439281061308,1.0
-0.6563055629835508,-0.662593514007386,-0.26050995399539145,0.7613801207980686,1.0
-0.38018201791403583,0.1525556813461563,-1.598315750061798,-1.9707619142960362,1.0
-1.3372549495067625,-0.6089708044967849,0.31622328004963957,0.2233006171646376,1.0
-1.4005194147801032,-1.9906181478914118,1.8948782697906492,0.1286535845849929,1.0
-0.6656254988433309,-1.4868250701518035,0.5851929217525211,0.7747973837286137,1.0
-0.1581827659216023,-0.34907443196212307,-0.870096845739155,0.5437639887285594,1.0
-0.15200290778941378,0.2559182134944992,-1.6950136163715657,-2.0452830524798626,1.0
-1.7707708402029847,-0.46194146868407426,0.6250791515465094,0.22404409951774765,1.0
-1.46104499161783,-1.7484497244108221,1.79680275409655,0.7047429030925413,1.0
-1.0979301064849292,-1.9698662282748927,1.5149094491216033,0.17038657465375473,1.0
-0.2737908610299408,-0.5216183887816901,-0.7197362557920807,0.7695814803986553,1.0
0.12720169389069985,0.30563504810446845,-1.6865837141864877,-1.0101135529286527,1.0
-1.9590597761780921,-0.03642680515151158,0.11666420649401023,-0.14859617197595013,1.0
-1.378916914442865,-0.9142768911651171,0.34853243822980273,0.6764214125252308,1.0
-0.9072880410088009,-0.9583930062814034,-0.19530449658793314,0.4185598314360893,1.0
-0.29773491810016195,-0.12160789715245088,-1.2438990453545253,0.1040552692123268,1.0
-0.15019755597551598,0.2105064095401221,-1.4816747688550362,-0.7060350339357131,1.0
-0.6901366215474044,0.15299454369454188,-1.2877542174224221,-1.5623653287039267,1.0
-1.9808551559826273,0.23428856918120874,-0.3585953100422361,-1.921599864125267,1.0
-2.2978718484316,0.188458801085512,0.12706545934571556,-0.37440732387404274,1.0
-1.753836022974328,-0.494375486050477,0.07113289434184318,0.31720416739117213,1.0
-1.1868861168022,-0.5224835745542217,-0.4741210512712056,0.009408236632682141,1.0
-0.7321071936311817,0.02888009192967962,-1.1753445878961082,-0.2059999257509629,1.0
-0.811889856483818,-0.07577812905675413,-0.9721413037071627,-0.3453596412409037,1.0
-1.3333202083739084,-0.21761426041356838,-0.43476292040787784,-0.36547400877853364,1.0
-1.7596609828866907,-0.16181604754739864,-0.08316383670332202,-0.9191666418272769,1.0
-1.269785711846352,-0.7369744125966262,0.7473619349938683,0.5132080167015528,1.0
-1.9021603333255448,0.2930961238648798,-0.22200465370331676,-0.731394121948771,1.0
-0.8259700575964823,-0.17220245645919127,-0.5896139913243573,-0.30807025500352087,1.0
-1.3372935254002218,-1.5101892656515707,1.9724530505988584,0.45507749451780205,1.0
-1.693696205071195,-0.7058381738890208,0.6863517479734585,0.9014890820702134,1.0
-1.3297326502821885,0.1949372452759661,-0.6089994862324555,-1.1807686883983444,1.0
-0.6895194072520547,-0.5306986597518589,-0.15455133171709035,0.28366677349390307,1.0
-1.434581928704713,-1.9845785660493434,2.326869755306131,0.8277114262394966,1.0
-1.357468717679464,-0.6055121512273649,0.34374346656045884,1.1832170230370986,1.0
-1.2250762513269606,0.07341417118728558,-0.9358960044289085,-0.9094840809495639,1.0
-1.1217700086428102,0.17504215214915206,-0.7295766085373081,-1.7307727268270063,1.0
-0.6291674219348952,-0.44118327960543513,-0.2709079267295151,0.10480451499453076,1.0
-1.0991259591821692,-1.8747375897105465,1.709125211136574,0.6004017827769959,1.0
-1.1272477855140384,-1.8453338123687106,1.6944958867220026,0.767345269910231,1.0
-0.7775187354115334,-0.5402134044469296,-0.22509452446531814,0.7509483141381517,1.0
-0.7286585087559154,0.12271304165593519,-1.3506996738160597,-1.4110753149896609,1.0
-1.3720889813005595,0.09201357547600883,-0.4173356556960801,-1.262033038622007,1.0
-0.944436626410159,-0.8572038876679227,0.5492100318808063,0.7300789373892237,1.0
-1.209221559115166,-1.9992700056167279,1.6922654067664176,0.21584850334625488,1.0
-0.676542476692328,-0.6267008433715633,-0.2846778603376699,0.6220146418790339,1.0
-0.41741392724526616,0.2239021602694161,-1.634003429351156,-1.963327090764935,1.0
-1.3031152837952342,-0.6491894039952656,0.4106578652280049,0.23969757293671703,1.0
-1.3745192625884985,-2.0965720577159366,2.12730740163292,0.10256830450610657,1.0
-0.7362772477141379,-1.4954769278771198,0.5775830489628786,0.7800132870585722,1.0
-0.1729110420443837,-0.3486460187172704,-0.8897775512296098,0.4841426979753865,1.0
-0.18176806718265145,0.2559182134944992,-1.724239464024891,-2.014736878282316,1.0
-1.6841679593867347,-0.48356275371453833,0.7240074978118619,0.26950602821024777,1.0
-1.4664070408086802,-1.751918826783775,1.808315966808466,0.7524352788443718,1.0
-1.1606930851432986,-1.9387278997465804,1.4384499082911864,0.24565695861978565,1.0
-0.3303354056626622,-0.5332942170694538,-0.6961522103793525,0.8306911190810309,1.0
0.07616578684397426,0.29353498621326535,-1.7068220396658385,-1.0182976222419575,1.0
-1.9302821596574142,-0.010032369627177327,0.061860001938257254,-0.180640837737905,1.0
-1.4155640132292513,-0.8935249715485979,0.30329961677757433,0.5825178622986963,1.0
-0.9335196485611618,-1.002070259049304,-0.17844141210019518,0.37682684136732747,1.0
-0.3472740804806646,-0.14539005679353745,-1.2486880170238694,0.11151314645980334,1.0
-0.18779362174100256,0.20358910300128238,-1.4808547394596008,-0.6598123326028212,1.0
-0.6860707223767886,0.165094605585745,-1.2728624836013114,-1.4878441905200996,1.0
-1.9212168246944659,0.21136323602982734,-0.34117132544802026,-1.8254082325484633,1.0
-2.29729321002971,0.13180376172963698,0.20433846933640434,-0.34461039545869965,1.0
-1.7759785858199975,-0.5099425604939264,0.08940314927214867,0.2955913082891341,1.0
-1.2259249209830665,-0.5319964384106562,-0.48760233453216695,-0.009224929627821503,1.0
-0.7604296146090396,0.005536794636978657,-1.1685875456777184,-0.26859076571046486,1.0
-0.8065278072929679,-0.09826459985974982,-0.9926420385930531,-0.24772715239063087,1.0
-1.2877620781984112,-0.2574044466671966,-0.413681604710019,-0.25366348435732394,1.0
-1.8265515821452107,-0.1601023945679882,-0.1559565340891088,-0.9587037654112717,1.0
-1.3821572894934506,-0.7577326016752653,0.7436882033023167,0.3917310690040929,1.0
-1.8924777840672473,0.28617881732604,-0.24336477939562362,-0.7708736112418272,1.0
-0.8621542456613566,-0.192536411934391,-0.62982823287652,-0.3296831141055588,1.0
-1.4084660488327303,-1.480785488309735,1.8181563195536932,0.40737877899396835,1.0
-1.680503249508096,-0.6634586997799176,0.7192513273183354,0.7971537251837617,1.0
-0.8214181021682786,0.13915993061686238,-0.5856778502262664,-0.6404472108473953,1.0
-0.17404131572274278,-0.6228095972158776,-0.08428891703385968,0.744983165025989,1.0
-0.9714783277251664,-2.0875022358493007,2.4463316376331914,1.1958965670436275,1.0
-1.008164002405012,-0.6392418574318586,0.38704101863945933,1.588616625500392,1.0
-0.8784718485946633,0.031032607257475676,-0.940094554933539,-0.5994692299899314,1.0
-0.5799368667020673,0.0816480647712822,-0.7464364129074642,-1.1457270395075736,1.0
-0.13382208920202016,-0.5674571431064251,-0.20598455943408658,0.6227638876612379,1.0
-0.6678397551278977,-1.9703050906232784,1.7715130475413154,0.8470880748531103,1.0
-0.7652708892381885,-1.8989377134929526,1.69338064674421,1.0825875510580099,1.0
-0.399596107815325,-0.594268915825867,-0.18153128286219658,1.1906518465681997,1.0
-0.3657114287595629,0.054396802757242665,-1.307697332319416,-1.0533392711327285,1.0
-0.8891187951894451,0.0007720034259350078,-0.4201467164636334,-0.6836729290514714,1.0
-0.4825558812532737,-0.9307028819189783,0.5559670740991958,1.2033313905747287,1.0
-0.8143587136652167,-2.073228760423236,1.8282918828812773,0.700270482115693,1.0
-0.3032975619370008,-0.666919442870044,-0.27680885825906976,1.1802200399082825,1.0
-0.04107792614704083,0.14649520129702176,-1.6199645261012983,-1.6428227988544466,1.0
-1.4938345010582812,0.3865111094498157,-0.3349883038064357,-1.9692634227316281,1.0
-0.8077236599902079,-0.6232421901021434,0.2760090384974771,0.7256065164123753,1.0
-0.9947395914811569,-2.071933071585145,2.005352629943735,0.4140874104592409,1.0
-0.2993319600893792,-1.5015374079262545,0.550882891847495,1.3203290011804274,1.0
0.22005386944736532,-0.3763173346933361,-0.9032916356663886,0.9626044841816828,1.0
0.20863540498339644,0.23646198271607072,-1.7562862127985148,-1.6726773615607284,1.0
-1.2626105956629121,-0.5787007964720644,0.7782606426138822,0.7680887522633411,1.0
-1.0640990479210757,-1.7748441599351563,1.7810581897041862,1.1861563718749757,1.0
-0.7598625489751871,-1.9607964064082568,1.491030193126518,0.677164894878341,1.0
0.12905333677674882,-0.508644781835129,-0.7605081173331395,1.2517441949632937,1.0
0.46960132423592743,0.29786091507592355,-1.7200081123444433,-0.7291463846021592,1.0
-1.5388525687253474,-0.06798309782114312,0.02841592307481114,0.2560945287087965,1.0
-1.0012974933692471,-1.0085487032397582,0.41597165571042766,1.007317167091979,1.0
-0.47426592174885845,-1.0184962498031653,-0.1756303513326419,0.8128071986027312,1.0
0.11871499732964194,-0.1605203587093078,-1.230417762093564,0.5251319751538744,1.0
0.18479550282551563,0.1586161613952908,-1.4665206256273862,-0.33417858879878265,1.0
-0.3451138304469407,0.11537777097577581,-1.2694839624921166,-1.1524702515474092,1.0
-1.698479615860155,0.14348585947952042,-0.38051961595860273,-1.5430002069485005,1.0
-2.76734047183194,1.2622086801356251,-0.21525745183767253,-1.6070895384724104,1.0
-1.9631873967782432,0.053101113919151885,0.14111748306590025,0.11076390067759938,1.0
-1.3889080708488377,-0.6396744503181243,0.1621955186461773,0.7352948407191822,1.0
-0.780064744379851,-0.597727569095287,-0.44150684215594027,0.48935952345399997,1.0
-0.3643211535592878,-0.03728363164121676,-1.1087253998109188,0.12939706693810302,1.0
-0.48528705451019594,-0.1531850880291484,-0.9544286687657535,0.023568981916337405,1.0
-0.9967069620475838,-0.3356682321292961,-0.3779873651854976,0.004192333302723645,1.0
-1.2256934656223102,-0.2249704293007938,-0.12953748305048055,-0.47947463625541653,1.0
-0.8398959551353093,-0.8554693364814461,0.8148011524744931,0.8687009339551482,1.0
-1.3195100385154594,0.22434102261780167,-0.2762479581525918,-0.2589082048327518,1.0
-0.23315887244920308,-0.27598295274885387,-0.6199878801312926,0.16517067132379623,1.0
-0.9255344386150753,-1.5772098157121723,1.9803253327950405,0.6846170086967236,1.0
-1.3703916419883477,-0.6954601242600545,0.7361111316884916,1.1764738109972628,1.0
